scaffold,,total_score,fa_rep,hbond_sc,all_cst,tot_pstat_pm,tot_nlpstat_pm,tot_burunsat_pm,tot_hbond_pm,tot_NLconts_pm,tot_nlsurfaceE_pm,tot_total_charge,tot_total_pos_charges,tot_total_neg_charges,tot_seq_recovery,SR_1,SR_1_total_score,SR_1_fa_rep,SR_1_hbond_sc,SR_1_all_cst,SR_1_hbond_pm,SR_1_burunsat_pm,SR_1_pstat_pm,SR_1_nlpstat_pm,SR_2,SR_2_total_score,SR_2_fa_rep,SR_2_hbond_sc,SR_2_all_cst,SR_2_interf_E_1_2,SR_2_dsasa_1_2,SR_2_hbond_pm,SR_2_burunsat_pm,SR_3,SR_3_total_score,SR_3_fa_rep,SR_3_hbond_sc,SR_3_all_cst,SR_3_interf_E_1_3,SR_3_dsasa_1_3,SR_3_hbond_pm,SR_3_burunsat_pm,user_tag,description,scaffold,mutations
1e6u,1328,-1222.08,143.85,-42.87,23.37,0.65,0.63,72.0,309.0,90.0,8.17,-4.0,31.0,35.0,0.99,165.0,11.94,2.76,-0.61,0.62,3.0,1.0,0.93,0.92,316.0,-7.43,4.66,-2.57,11.07,-18.42,0.81,13.0,0.0,317.0,1.71,4.88,-0.61,11.69,-0.15,0.88,2.0,0.0,cst/hydride,1e6u166h_0008,1e6u,h297p+l212g+l166h+m217a
1kol,711,-1567.55,147.12,-43.47,25.49,0.63,0.62,132.0,346.0,91.0,7.78,-4.0,38.0,42.0,0.99,339.0,1.49,1.94,-0.49,1.18,4.0,1.0,0.8,0.78,397.0,-13.18,1.96,-2.77,11.57,-23.52,0.92,12.0,5.0,398.0,-2.19,0.91,-0.49,12.75,-1.54,0.8,1.0,0.0,cst/hydride,1kol340h_0005,1kol,f93a+d169g+v340h
1lj8,109,-1891.0,198.05,-71.49,22.47,0.57,0.58,161.0,456.0,122.0,17.89,-22.0,43.0,65.0,0.99,363.0,1.11,0.38,-0.4,0.12,3.0,0.0,0.76,0.79,482.0,-11.45,1.25,-1.29,11.11,-18.68,0.77,11.0,2.0,483.0,-2.74,0.15,-0.4,11.23,-1.26,0.79,1.0,0.0,cst/hydride,1lj8374h_0001,1lj8,n300g+h303a+v374h+f362q
1lj8,444,-1890.1,201.59,-72.44,24.8,0.59,0.58,162.0,457.0,124.0,17.44,-22.0,43.0,65.0,0.99,226.0,-0.54,0.44,-0.63,1.19,3.0,0.0,0.68,0.52,482.0,-10.56,1.99,-1.19,11.21,-18.2,0.8,11.0,4.0,483.0,-2.23,0.84,-0.63,12.4,-1.54,0.81,1.0,0.0,cst/hydride,1lj8232h_0003,1lj8,s302w+n300g+h303a+f362m+i232h+l299a
1lj8,777,-1891.97,196.87,-71.57,22.5,0.58,0.58,159.0,457.0,124.0,17.93,-22.0,43.0,65.0,0.99,363.0,1.16,0.36,-0.48,0.13,3.0,0.0,0.6,0.57,482.0,-11.47,1.27,-1.26,11.12,-18.75,0.77,11.0,2.0,483.0,-2.83,0.17,-0.48,11.25,-1.47,0.8,1.0,0.0,cst/hydride,1lj8374h_0005,1lj8,n300g+h303a+v374h+f362q
1lj8,1273,-1891.37,199.03,-74.2,23.98,0.57,0.57,159.0,457.0,124.0,17.43,-22.0,43.0,65.0,0.99,226.0,-0.32,0.26,-0.6,0.8,3.0,0.0,0.2,0.24,482.0,-10.66,1.92,-1.24,11.19,-18.19,0.8,11.0,4.0,483.0,-2.29,0.73,-0.6,11.99,-1.46,0.81,1.0,0.0,cst/hydride,1lj8232h_0008,1lj8,n300g+h303a+f362q+i232h+l299a
1lj8,1451,-1890.75,200.03,-72.51,24.44,0.59,0.59,163.0,457.0,128.0,17.44,-22.0,43.0,65.0,0.99,226.0,-0.27,0.27,-0.61,0.77,3.0,0.0,0.14,0.12,482.0,-10.8,1.85,-1.26,11.45,-18.37,0.8,11.0,4.0,483.0,-2.37,0.68,-0.61,12.22,-1.51,0.83,1.0,0.0,cst/hydride,1lj8232h_0009,1lj8,s302w+n300g+h303a+f362m+i232h+l299a
1nnu,99,-872.44,103.94,-27.35,25.78,0.61,0.6,56.0,218.0,46.0,16.78,8.0,30.0,22.0,1.0,172.0,2.37,0.54,-0.19,0.69,3.0,1.0,0.61,0.64,230.0,-12.34,0.88,-2.31,12.2,-20.38,0.91,9.0,1.0,231.0,-3.18,0.44,-0.19,12.89,-2.06,0.94,1.0,0.0,cst/hydride,1nnu268h_0002,1nnu,y267m
1nnu,594,-871.85,102.95,-27.51,25.59,0.62,0.6,56.0,218.0,46.0,16.23,8.0,30.0,22.0,1.0,172.0,2.32,0.58,-0.2,0.71,3.0,1.0,0.44,0.55,230.0,-12.28,0.91,-2.32,12.08,-20.41,0.91,9.0,1.0,231.0,-3.18,0.43,-0.2,12.79,-2.21,0.93,1.0,0.0,cst/hydride,1nnu268h_0008,1nnu,y267a
1nnu,682,-872.06,102.4,-27.4,25.74,0.61,0.59,55.0,218.0,46.0,16.79,8.0,30.0,22.0,1.0,172.0,2.18,0.57,-0.18,0.79,3.0,1.0,0.52,0.2,230.0,-12.44,0.8,-2.29,12.08,-20.6,0.9,9.0,1.0,231.0,-3.21,0.36,-0.18,12.87,-2.14,0.93,1.0,0.0,cst/hydride,1nnu268h_0009,1nnu,y267a
1nnu,898,-874.05,105.19,-28.49,24.18,0.6,0.6,53.0,218.0,48.0,17.13,8.0,30.0,22.0,1.0,181.0,0.04,1.15,-0.44,1.09,2.0,1.0,0.71,0.68,230.0,-12.47,1.23,-2.36,11.0,-20.97,0.89,9.0,1.0,231.0,-2.37,0.65,-0.44,12.09,-0.77,0.65,1.0,0.0,cst/hydride,1nnu277h_0007,1nnu,y277h+y267a
1nnu,1027,-872.0,103.24,-28.45,23.54,0.61,0.61,53.0,218.0,48.0,16.58,8.0,30.0,22.0,0.99,181.0,-0.1,0.61,-0.41,0.68,2.0,1.0,0.45,0.57,230.0,-12.52,1.08,-2.38,11.08,-20.79,0.88,9.0,1.0,231.0,-2.56,0.4,-0.41,11.77,-0.87,0.58,1.0,0.0,cst/hydride,1nnu277h_0008,1nnu,m281g+y277h+y267a
1nnu,1168,-871.96,106.68,-28.5,23.59,0.63,0.59,55.0,218.0,47.0,17.05,8.0,30.0,22.0,1.0,181.0,-0.02,1.07,-0.44,0.7,2.0,1.0,0.59,0.76,230.0,-12.42,1.09,-2.37,11.09,-20.65,0.89,9.0,1.0,231.0,-2.53,0.49,-0.44,11.79,-0.86,0.63,1.0,0.0,cst/hydride,1nnu277h_0009,1nnu,y277h+y267a
1o2d,225,-1362.9,147.28,-48.24,24.24,0.6,0.6,107.0,320.0,84.0,6.5,-6.0,47.0,53.0,0.99,243.0,3.63,1.37,-0.37,0.01,4.0,0.0,0.53,0.62,349.0,-11.96,1.18,-4.35,12.11,-19.48,0.89,14.0,3.0,350.0,-2.89,0.11,-0.37,12.12,-1.34,0.91,1.0,0.0,cst/hydride,1o2d251h_0002,1o2d,g251h+h256a+c160t+i149v+h336a
1o2d,371,-1365.62,143.63,-46.98,22.89,0.63,0.61,109.0,313.0,87.0,5.68,-7.0,46.0,53.0,0.99,156.0,0.46,0.19,-0.57,0.01,1.0,1.0,0.65,0.78,349.0,-12.66,1.03,-4.45,11.43,-20.9,0.89,14.0,3.0,350.0,-3.09,0.37,-0.57,11.44,-1.76,0.92,1.0,0.0,cst/hydride,1o2d159h_0003,1o2d,c160t+k157g+g159h+i149a
1o2d,376,-1362.85,142.84,-46.44,22.14,0.6,0.61,106.0,315.0,85.0,6.32,-6.0,47.0,53.0,0.99,244.0,-0.55,0.26,-0.32,0.04,1.0,0.0,0.39,0.5,349.0,-13.18,0.98,-4.37,11.03,-21.97,0.91,14.0,4.0,350.0,-2.93,0.16,-0.32,11.07,-1.46,0.91,1.0,0.0,cst/hydride,1o2d252h_0003,1o2d,h256g+t252h+h193m+h336a
1o2d,381,-1359.42,147.87,-51.11,22.97,0.59,0.61,106.0,325.0,89.0,6.53,-7.0,47.0,54.0,0.99,243.0,4.8,1.61,-0.43,0.05,4.0,0.0,0.7,0.85,349.0,-12.39,1.16,-4.15,11.44,-20.48,0.9,13.0,4.0,350.0,-2.85,0.13,-0.43,11.49,-1.41,0.89,1.0,0.0,cst/hydride,1o2d251h_0003,1o2d,g251h+h256s+c160t+i149v+h336e
1o2d,470,-1350.84,145.15,-46.46,23.26,0.61,0.57,116.0,311.0,82.0,6.25,-5.0,47.0,52.0,0.99,248.0,-0.78,0.64,-0.53,0.58,1.0,3.0,0.68,0.61,349.0,-12.73,1.15,-4.52,11.05,-21.37,0.89,14.0,4.0,350.0,-2.87,0.3,-0.53,11.63,-1.66,0.84,1.0,0.0,cst/hydride,1o2d256h_0003,1o2d,y260w+t252g+h193a+e196g
1o2d,951,-1364.57,143.26,-46.94,24.25,0.62,0.6,111.0,314.0,85.0,6.71,-7.0,46.0,53.0,0.99,156.0,0.12,0.2,-0.57,0.0,1.0,0.0,0.79,0.91,349.0,-11.65,0.96,-3.79,12.12,-19.07,0.89,12.0,3.0,350.0,-3.36,0.15,-0.57,12.12,-2.48,0.92,1.0,0.0,cst/hydride,1o2d159h_0007,1o2d,c160t+y260m+k157i+g159h+i149a
1o2d,996,-1348.91,148.64,-48.04,24.5,0.62,0.59,110.0,316.0,83.0,6.13,-6.0,47.0,53.0,0.99,248.0,2.45,2.09,-0.6,1.07,2.0,2.0,0.66,0.57,349.0,-12.69,1.38,-4.41,11.18,-21.9,0.9,14.0,3.0,350.0,-3.47,0.56,-1.25,12.25,-3.46,0.85,2.0,0.0,cst/hydride,1o2d256h_0006,1o2d,y260w+t252s+h193a
1o2d,1081,-1367.96,143.79,-44.98,23.04,0.62,0.6,113.0,315.0,90.0,5.68,-7.0,46.0,53.0,0.99,156.0,0.26,0.2,-0.52,0.0,1.0,0.0,0.92,0.89,349.0,-11.67,0.87,-3.32,11.52,-18.91,0.89,12.0,3.0,350.0,-3.19,0.25,-0.52,11.52,-1.96,0.95,1.0,0.0,cst/hydride,1o2d159h_0008,1o2d,c160t+k157g+g159h+i149t
1oaa,570,-1036.52,89.23,-31.35,23.48,0.6,0.57,51.0,260.0,49.0,10.06,-1.0,25.0,26.0,1.0,166.0,0.39,0.56,-0.08,0.11,3.0,0.0,0.21,0.24,260.0,-13.65,0.97,-5.08,11.63,-22.81,0.9,15.0,5.0,261.0,-2.5,0.04,-0.08,11.74,-0.5,0.79,1.0,0.0,cst/hydride,1oaa168h_0004,1oaa,w168h
1oaa,1028,-1036.65,88.99,-31.42,22.2,0.59,0.59,50.0,261.0,49.0,7.47,-1.0,25.0,26.0,1.0,166.0,1.18,0.56,-0.11,0.02,3.0,1.0,0.5,0.45,260.0,-13.64,0.95,-5.07,11.08,-22.84,0.9,15.0,5.0,261.0,-2.49,0.08,-0.11,11.1,-0.55,0.76,1.0,0.0,cst/hydride,1oaa168h_0007,1oaa,w168h
1oaa,1188,-1036.55,89.84,-31.16,22.96,0.57,0.58,50.0,259.0,48.0,9.82,-1.0,25.0,26.0,1.0,166.0,0.43,0.66,-0.04,0.11,3.0,0.0,0.56,0.31,260.0,-13.57,1.02,-5.08,11.37,-22.67,0.9,15.0,5.0,261.0,-2.45,0.05,-0.04,11.48,-0.42,0.77,1.0,0.0,cst/hydride,1oaa168h_0008,1oaa,w168h
1yjq,55,-1186.44,121.28,-39.83,23.02,0.65,0.62,83.0,289.0,78.0,1.45,-12.0,23.0,35.0,0.99,120.0,-2.11,0.62,-0.43,0.36,2.0,1.0,0.92,0.96,294.0,-10.61,1.05,-1.99,11.15,-16.84,0.74,10.0,3.0,295.0,-2.82,0.57,-0.43,11.51,-1.25,0.84,1.0,0.0,cst/hydride,1yjq120h_0001,1yjq,t118s+l11a
1yjq,907,-1186.38,121.51,-39.72,22.91,0.66,0.65,82.0,288.0,77.0,1.45,-12.0,23.0,35.0,0.99,120.0,-2.19,0.61,-0.43,0.35,2.0,1.0,0.88,0.93,294.0,-10.52,0.98,-1.98,11.1,-16.65,0.74,10.0,3.0,295.0,-2.67,0.65,-0.43,11.45,-0.96,0.86,1.0,0.0,cst/hydride,1yjq120h_0007,1yjq,t118s+l11a
2ag8,40,-904.7,86.54,-19.6,24.42,0.56,0.55,60.0,215.0,35.0,23.2,0.0,32.0,32.0,0.99,108.0,9.34,2.32,-1.06,0.87,4.0,1.0,0.97,0.7,255.0,-6.04,1.63,-0.4,11.34,-8.88,0.66,3.0,3.0,256.0,-1.28,1.53,-0.42,12.21,0.65,0.81,1.0,0.0,cst/hydride,2ag8112h_0001,2ag8,v109w+g115s+h158g+n112h
2ag8,434,-904.31,86.67,-19.91,25.74,0.56,0.53,57.0,214.0,35.0,23.51,0.0,32.0,32.0,1.0,108.0,9.46,2.56,-1.1,1.66,4.0,0.0,0.83,0.72,255.0,-6.24,1.74,-0.42,11.21,-9.45,0.66,3.0,3.0,256.0,-1.0,1.85,-0.47,12.87,1.02,0.82,1.0,0.0,cst/hydride,2ag8112h_0004,2ag8,h158g+n112h
2azn,852,-813.47,79.29,-22.27,25.04,0.64,0.63,59.0,189.0,43.0,45.18,4.0,39.0,35.0,1.0,24.0,1.2,0.17,-0.4,0.1,2.0,0.0,0.84,0.86,215.0,-9.28,0.87,-0.76,12.42,-14.11,0.8,11.0,1.0,216.0,-2.66,0.13,-0.4,12.52,-0.86,0.36,1.0,0.0,cst/hydride,2azn30h_0004,2azn,t25s+s30h
2azn,1086,-803.3,80.03,-23.08,24.78,0.63,0.62,72.0,186.0,39.0,39.22,4.0,39.0,35.0,1.0,24.0,1.49,0.16,-0.36,0.06,2.0,1.0,0.25,0.48,215.0,-8.01,0.81,-1.33,12.33,-11.55,0.79,9.0,1.0,216.0,-2.63,0.12,-0.36,12.39,-0.8,0.42,1.0,0.0,cst/hydride,2azn30h_0007,2azn,t25s+s30h
2azn,1258,-814.06,79.88,-23.86,24.87,0.66,0.64,60.0,190.0,44.0,44.29,4.0,39.0,35.0,1.0,24.0,1.41,0.16,-0.4,0.07,2.0,1.0,0.53,0.75,215.0,-10.06,0.88,-1.46,12.36,-15.63,0.8,12.0,1.0,216.0,-2.67,0.11,-0.4,12.44,-0.87,0.35,1.0,0.0,cst/hydride,2azn30h_0009,2azn,t25s+s30h
2azn,1817,-804.61,78.15,-20.5,25.37,0.63,0.61,72.0,184.0,42.0,42.33,5.0,39.0,34.0,0.98,11.0,-2.85,0.81,-0.5,0.85,3.0,1.0,0.61,0.59,215.0,-9.29,1.49,-1.41,11.83,-15.6,0.81,12.0,1.0,216.0,-2.19,0.73,-0.5,12.68,-1.4,0.56,1.0,0.0,cst/hydride,2azn16h_0008,2azn,y189w+g16h+t18g+v41l+d37g
2d2i,845,-1308.0,129.13,-44.15,23.45,0.68,0.68,90.0,320.0,69.0,4.68,-3.0,36.0,39.0,0.99,122.0,-0.14,0.57,-0.55,0.42,2.0,2.0,0.72,0.76,339.0,-9.59,1.02,-1.78,11.31,-14.84,0.7,7.0,4.0,340.0,-4.07,0.19,-1.31,11.72,-3.8,0.85,2.0,0.0,cst/hydride,2d2i122h_0001,2d2i,y322a+t122h+i13s+v326g
2d2i,893,-1308.75,128.86,-42.82,23.24,0.66,0.65,85.0,318.0,68.0,4.73,-4.0,35.0,39.0,0.99,13.0,-2.05,0.9,-0.6,0.54,3.0,1.0,0.89,0.95,339.0,-9.1,1.21,-1.8,11.08,-14.57,0.69,7.0,4.0,340.0,-2.77,0.69,-0.6,11.62,-1.91,0.82,1.0,0.0,cst/hydride,2d2i13h_0001,2d2i,c155a+r15a+y322a+t122a+i13h+v326a
2d2i,1296,-1309.34,128.34,-41.97,23.47,0.68,0.67,90.0,319.0,72.0,4.78,-3.0,36.0,39.0,0.99,122.0,-0.48,0.55,-0.56,0.25,2.0,2.0,0.31,0.55,339.0,-9.62,0.9,-1.78,11.49,-14.81,0.7,7.0,4.0,340.0,-3.35,0.16,-0.56,11.74,-2.28,0.88,1.0,0.0,cst/hydride,2d2i122h_0004,2d2i,y322a+t122h+i13a+v326g
2d2i,2175,-1308.46,129.29,-42.76,23.27,0.65,0.66,84.0,320.0,68.0,4.61,-3.0,36.0,39.0,0.99,13.0,-2.04,0.93,-0.6,0.54,3.0,1.0,0.62,0.46,339.0,-9.32,1.18,-1.79,11.09,-14.84,0.68,7.0,4.0,340.0,-2.91,0.56,-0.6,11.63,-2.01,0.82,1.0,0.0,cst/hydride,2d2i13h_0008,2d2i,c155a+f10l+y322a+t122a+i13h+v326a
2d2i,2211,-1307.79,130.11,-42.28,23.58,0.69,0.67,90.0,319.0,70.0,4.6,-3.0,36.0,39.0,0.99,122.0,-0.16,0.58,-0.54,0.36,2.0,2.0,0.83,0.85,339.0,-9.54,1.01,-1.73,11.43,-14.71,0.69,7.0,3.0,340.0,-3.29,0.21,-0.54,11.79,-2.22,0.87,1.0,0.0,cst/hydride,2d2i122h_0009,2d2i,y322a+t122h+i13a+v326g
2dbq,1063,-1277.81,134.33,-35.42,23.66,0.66,0.62,87.0,294.0,80.0,77.67,1.0,53.0,52.0,0.99,50.0,-0.27,0.32,-0.35,0.46,1.0,0.0,0.71,0.7,328.0,-9.93,1.46,-0.82,11.37,-16.13,0.81,5.0,4.0,329.0,-2.53,0.46,-0.35,11.83,-1.32,0.7,1.0,0.0,cst/hydride,2dbq53h_0001,2dbq,l53h+s291g+a75g+h288n
2dbq,1193,-1281.73,132.19,-34.01,22.12,0.67,0.66,90.0,293.0,81.0,77.84,1.0,53.0,52.0,0.99,50.0,-2.35,0.5,-0.52,0.01,5.0,0.0,0.63,0.73,328.0,-10.32,1.07,-0.82,11.05,-16.2,0.81,5.0,4.0,329.0,-2.56,0.06,-0.09,11.06,-0.68,0.69,1.0,0.0,cst/hydride,2dbq53h_0002,2dbq,l53h+s291g+h288n
2dbq,1764,-1279.05,137.47,-36.87,25.31,0.62,0.64,88.0,296.0,80.0,78.13,1.0,53.0,52.0,1.0,74.0,0.29,1.39,-0.85,0.29,3.0,1.0,0.64,0.87,328.0,-10.55,1.31,-0.82,12.37,-16.9,0.83,5.0,4.0,329.0,-3.09,0.3,-0.6,12.66,-1.98,0.81,1.0,0.0,cst/hydride,2dbq77h_0006,2dbq,g77h+l53g
2dbq,1804,-1278.66,131.74,-33.45,22.19,0.68,0.66,93.0,291.0,80.0,74.75,2.0,53.0,51.0,0.99,50.0,0.46,0.24,-0.43,0.03,2.0,1.0,0.8,0.7,328.0,-10.33,1.27,-0.83,11.06,-16.32,0.82,5.0,4.0,329.0,-2.75,0.18,-0.43,11.1,-1.16,0.71,1.0,0.0,cst/hydride,2dbq53h_0007,2dbq,e55v+n73a+l53h+a75g+h288n
2dbq,1913,-1282.24,133.48,-35.75,23.37,0.64,0.65,88.0,293.0,82.0,78.16,1.0,53.0,52.0,1.0,74.0,-0.06,1.1,-1.16,0.26,4.0,1.0,0.68,0.8,328.0,-10.53,1.27,-0.82,11.43,-16.66,0.83,5.0,4.0,329.0,-3.13,0.39,-0.63,11.69,-1.85,0.79,1.0,0.0,cst/hydride,2dbq77h_0007,2dbq,g77h+l53g
2dbq,2053,-1278.4,137.18,-34.84,25.74,0.64,0.62,90.0,293.0,77.0,78.36,1.0,53.0,52.0,1.0,283.0,2.28,0.77,-0.41,0.36,3.0,0.0,0.67,0.55,328.0,-9.38,2.04,-0.81,12.51,-16.29,0.81,5.0,4.0,329.0,-1.76,1.32,-0.41,12.87,-1.06,0.8,1.0,0.0,cst/hydride,2dbq288h_0009,2dbq,
2dbq,2084,-1283.8,134.11,-36.8,23.35,0.64,0.64,88.0,296.0,80.0,77.88,1.0,53.0,52.0,0.99,74.0,-0.37,0.77,-0.79,0.22,3.0,1.0,0.62,0.82,328.0,-10.45,1.35,-0.83,11.46,-16.59,0.83,5.0,4.0,329.0,-2.85,0.47,-0.54,11.67,-1.4,0.76,1.0,0.0,cst/hydride,2dbq77h_0008,2dbq,g77h+l53s+a75g
2dbq,2100,-1281.02,131.92,-32.64,22.11,0.64,0.64,90.0,291.0,79.0,76.28,1.0,53.0,52.0,0.99,50.0,-1.99,0.17,-0.64,0.0,4.0,0.0,0.88,0.72,328.0,-10.18,1.3,-0.86,11.05,-16.31,0.81,5.0,4.0,329.0,-2.47,0.23,-0.24,11.05,-0.9,0.71,1.0,0.0,cst/hydride,2dbq53h_0009,2dbq,l53h+s291g+h288n
2f1k,1184,-1043.85,112.81,-19.77,23.1,0.66,0.67,65.0,259.0,47.0,88.25,-8.0,22.0,30.0,0.99,92.0,0.21,0.46,-0.54,0.3,2.0,2.0,0.63,0.64,278.0,-10.72,1.17,-1.47,11.25,-17.4,0.75,9.0,4.0,279.0,-3.2,0.31,-1.0,11.55,-2.37,0.49,2.0,0.0,cst/hydride,2f1k92h_0001,2f1k,h112n+h179d+s92h
2f1k,2385,-1042.22,113.13,-18.9,23.34,0.66,0.65,70.0,259.0,46.0,88.44,-8.0,22.0,30.0,0.99,92.0,0.19,0.43,-0.58,0.52,2.0,2.0,0.8,0.72,278.0,-10.49,1.29,-1.48,11.15,-16.98,0.75,9.0,4.0,279.0,-3.21,0.32,-1.03,11.67,-2.44,0.51,2.0,0.0,cst/hydride,2f1k92h_0009,2f1k,h112n+h179d+s92h
2g5c,1233,-1027.51,115.27,-27.85,22.38,0.62,0.6,67.0,257.0,51.0,169.34,-3.0,39.0,42.0,1.0,132.0,-1.03,0.36,-0.16,0.11,1.0,2.0,0.59,0.57,271.0,-11.01,0.81,-2.8,11.08,-17.52,0.79,9.0,2.0,272.0,-2.81,0.24,-0.16,11.19,-1.11,0.82,1.0,0.0,cst/hydride,2g5c164h_0001,2g5c,l164h+y165a
2g5c,1369,-1027.8,114.04,-28.22,22.33,0.64,0.64,68.0,257.0,50.0,169.92,-3.0,39.0,42.0,1.0,132.0,-0.96,0.38,-0.2,0.12,1.0,2.0,0.56,0.75,271.0,-10.84,0.81,-2.85,11.04,-17.19,0.8,9.0,2.0,272.0,-2.94,0.18,-0.2,11.16,-1.4,0.86,1.0,0.0,cst/hydride,2g5c164h_0002,2g5c,l164h+y165a
2g5c,1493,-1019.01,115.97,-28.21,22.18,0.61,0.6,69.0,257.0,50.0,170.87,-3.0,39.0,42.0,1.0,132.0,-0.65,0.32,-0.31,0.0,1.0,2.0,0.72,0.76,271.0,-10.64,0.72,-2.89,11.09,-16.81,0.8,9.0,2.0,272.0,-3.07,0.18,-0.31,11.09,-1.66,0.79,1.0,0.0,cst/hydride,2g5c164h_0003,2g5c,l164h+y165a
2g5c,1624,-1020.5,114.93,-28.07,22.12,0.63,0.62,70.0,256.0,47.0,169.79,-3.0,39.0,42.0,1.0,132.0,-0.93,0.34,-0.18,0.01,1.0,2.0,0.7,0.5,271.0,-10.67,0.79,-2.91,11.05,-16.87,0.79,9.0,2.0,272.0,-2.93,0.17,-0.18,11.06,-1.39,0.86,1.0,0.0,cst/hydride,2g5c164h_0004,2g5c,l164h+y165a
2g5c,2029,-1020.96,112.33,-28.89,25.07,0.61,0.6,67.0,255.0,45.0,169.45,-3.0,39.0,42.0,0.99,13.0,-0.88,0.76,-0.47,0.0,2.0,2.0,0.95,0.91,271.0,-10.96,0.84,-2.98,12.53,-17.12,0.79,9.0,2.0,272.0,-3.17,0.08,-0.47,12.53,-1.54,0.79,1.0,0.0,cst/hydride,2g5c44h_0006,2g5c,l164g+y165a+s44h+f40a
2i3g,1315,-1363.7,128.79,-40.49,23.81,0.66,0.67,75.0,311.0,80.0,6.99,-6.0,23.0,29.0,0.99,15.0,-0.41,0.1,-0.27,0.06,3.0,0.0,0.49,0.3,348.0,-8.7,0.95,-0.95,11.85,-13.22,0.74,9.0,1.0,349.0,-2.38,0.52,-0.27,11.91,-0.59,0.82,1.0,0.0,cst/hydride,2i3g20h_0001,2i3g,t325g+l321g+y20h
2i3g,1400,-1362.92,128.26,-38.64,23.68,0.68,0.67,80.0,309.0,76.0,6.9,-6.0,23.0,29.0,0.99,184.0,0.13,0.56,-0.33,0.0,3.0,0.0,0.74,0.76,348.0,-8.66,0.93,-1.0,11.83,-13.07,0.73,10.0,1.0,349.0,-2.53,0.58,-0.33,11.84,-0.82,0.81,1.0,0.0,cst/hydride,2i3g189h_0002,2i3g,s189h+t325g+l321a+y20g
2i3g,1513,-1362.11,127.54,-39.47,24.2,0.67,0.67,76.0,312.0,75.0,8.28,-6.0,23.0,29.0,0.99,184.0,-0.06,0.54,-0.41,0.0,3.0,0.0,0.86,0.78,348.0,-8.63,0.91,-0.98,12.1,-13.05,0.73,10.0,1.0,349.0,-2.79,0.38,-0.41,12.1,-1.37,0.8,1.0,0.0,cst/hydride,2i3g189h_0003,2i3g,s189h+t325g+l321s+y20g
2i3g,1545,-1361.12,128.19,-37.85,24.73,0.68,0.67,74.0,307.0,73.0,6.97,-6.0,23.0,29.0,0.99,15.0,-0.99,0.14,-0.41,0.0,3.0,0.0,0.37,0.45,348.0,-8.4,1.04,-0.93,12.36,-12.6,0.74,9.0,1.0,349.0,-2.82,0.31,-0.41,12.36,-1.44,0.78,1.0,0.0,cst/hydride,2i3g20h_0003,2i3g,t325g+l321g+n320g+y20h
2i3g,1792,-1364.52,128.67,-39.03,25.23,0.68,0.66,74.0,311.0,77.0,7.14,-6.0,23.0,29.0,0.99,15.0,-1.19,0.1,-0.45,0.0,3.0,0.0,0.46,0.47,348.0,-8.41,0.88,-1.0,12.61,-12.63,0.73,10.0,1.0,349.0,-2.93,0.23,-0.45,12.61,-1.67,0.78,1.0,0.0,cst/hydride,2i3g20h_0005,2i3g,t325g+l321g+y20h
2i3g,1906,-1366.57,126.43,-38.51,25.06,0.67,0.67,77.0,310.0,75.0,6.7,-6.0,23.0,29.0,0.99,15.0,-1.45,0.1,-0.47,0.0,3.0,0.0,0.69,0.49,348.0,-8.57,0.94,-1.1,12.53,-12.94,0.74,10.0,1.0,349.0,-2.93,0.26,-0.47,12.53,-1.66,0.76,1.0,0.0,cst/hydride,2i3g20h_0006,2i3g,t325g+l321g+y20h
2i3g,2019,-1361.49,129.19,-37.33,22.38,0.67,0.68,79.0,307.0,74.0,8.56,-6.0,23.0,29.0,0.99,184.0,-0.47,0.69,-0.32,0.02,3.0,0.0,0.71,0.78,348.0,-8.66,0.97,-0.94,11.17,-13.07,0.73,9.0,1.0,349.0,-2.44,0.59,-0.32,11.19,-0.62,0.83,1.0,0.0,cst/hydride,2i3g189h_0007,2i3g,s189h+t325g+l321s+y20g
2i3g,2090,-1363.73,127.47,-39.9,23.97,0.66,0.64,79.0,308.0,76.0,7.49,-6.0,23.0,29.0,0.99,185.0,-0.59,1.68,-0.65,0.0,2.0,2.0,0.78,0.87,348.0,-7.97,0.92,-0.92,11.99,-12.15,0.71,9.0,1.0,349.0,-2.48,0.91,-0.65,11.99,-1.17,0.82,1.0,0.0,cst/hydride,2i3g190h_0005,2i3g,g190h+c158g+t325g+n320g+y20a+h219s
2i3g,2154,-1363.82,128.17,-39.85,23.47,0.68,0.66,79.0,309.0,75.0,7.02,-6.0,23.0,29.0,0.99,184.0,-0.42,0.53,-0.4,0.0,3.0,0.0,0.63,0.57,348.0,-8.79,0.86,-0.96,11.73,-13.29,0.74,9.0,1.0,349.0,-2.57,0.65,-0.4,11.74,-0.85,0.79,1.0,0.0,cst/hydride,2i3g189h_0008,2i3g,s189h+t325g+l321s+y20g
2i3g,2304,-1365.03,128.3,-39.12,24.78,0.7,0.68,75.0,313.0,77.0,6.71,-6.0,23.0,29.0,0.99,15.0,-1.08,0.11,-0.39,0.0,3.0,0.0,0.73,0.75,348.0,-8.54,0.92,-1.07,12.39,-12.91,0.74,10.0,1.0,349.0,-2.74,0.33,-0.39,12.39,-1.31,0.81,1.0,0.0,cst/hydride,2i3g20h_0009,2i3g,t325g+l321g+y20h
2zb4,1586,-1406.6,136.59,-34.86,24.73,0.68,0.67,68.0,339.0,76.0,15.66,-9.0,30.0,39.0,1.0,66.0,2.13,0.12,0.0,1.29,1.0,1.0,0.47,0.51,352.0,-9.15,1.57,-2.56,11.07,-13.91,0.89,10.0,2.0,353.0,-3.02,0.17,0.0,12.36,-1.65,0.82,0.0,0.0,cst/hydride,2zb465h_0002,2zb4,i65h
2zb4,2265,-1411.41,135.29,-36.62,25.3,0.61,0.61,64.0,341.0,80.0,19.81,-8.0,31.0,39.0,1.0,291.0,-0.95,0.38,-0.19,1.59,1.0,1.0,0.5,0.52,352.0,-8.65,1.89,-2.61,11.06,-13.38,0.89,10.0,2.0,353.0,-2.69,0.42,-0.19,12.65,-1.46,0.82,1.0,0.0,cst/hydride,2zb4290h_0007,2zb4,f296r+l290h
3ajr,2960,-1283.23,137.73,-43.67,25.55,0.67,0.66,93.0,312.0,93.0,3.27,-6.0,41.0,47.0,0.99,166.0,0.21,0.93,-0.59,1.68,3.0,1.0,0.62,0.66,315.0,-10.9,2.33,-1.91,11.1,-19.37,0.91,10.0,3.0,316.0,-1.83,1.34,-0.59,12.78,-1.22,0.81,1.0,0.0,cst/hydride,3ajr166h_0007,3ajr,m207a+w273l+g166h+t179g
3jyo,1627,-1126.37,103.56,-38.06,22.94,0.67,0.66,57.0,279.0,52.0,3.34,-14.0,20.0,34.0,1.0,113.0,1.81,0.83,-0.5,0.37,3.0,0.0,0.94,0.84,283.0,-9.98,0.8,-1.38,11.1,-15.75,0.8,7.0,3.0,284.0,-2.88,0.36,-0.5,11.47,-1.55,0.87,1.0,0.0,cst/hydride,3jyo114h_0001,3jyo,m254a+f114h
3jyo,2046,-1127.32,102.71,-36.83,22.85,0.66,0.65,57.0,278.0,54.0,3.47,-14.0,20.0,34.0,1.0,113.0,2.01,0.81,-0.46,0.25,3.0,0.0,0.81,0.95,283.0,-9.91,0.76,-1.35,11.18,-15.61,0.8,7.0,3.0,284.0,-2.8,0.39,-0.46,11.42,-1.38,0.89,1.0,0.0,cst/hydride,3jyo114h_0003,3jyo,m254a+f114h
3jyo,2489,-1126.28,103.9,-36.27,24.25,0.66,0.64,58.0,278.0,53.0,3.47,-14.0,20.0,34.0,1.0,113.0,1.67,1.15,-0.32,0.9,3.0,0.0,0.85,0.81,283.0,-9.91,0.7,-1.38,11.23,-15.55,0.8,7.0,3.0,284.0,-2.71,0.32,-0.32,12.13,-1.14,0.91,1.0,0.0,cst/hydride,3jyo114h_0005,3jyo,m254a+f114h
3jyo,2702,-1127.55,102.02,-37.76,22.84,0.67,0.66,57.0,279.0,52.0,3.47,-14.0,20.0,34.0,1.0,113.0,1.66,0.82,-0.48,0.12,3.0,0.0,0.93,0.91,283.0,-9.87,0.7,-1.38,11.3,-15.54,0.8,7.0,3.0,284.0,-2.8,0.38,-0.48,11.42,-1.39,0.9,1.0,0.0,cst/hydride,3jyo114h_0006,3jyo,m254a+f114h
3jyo,3081,-1126.81,102.4,-37.8,22.93,0.67,0.64,54.0,280.0,53.0,3.64,-14.0,20.0,34.0,1.0,113.0,2.06,0.92,-0.47,0.31,3.0,0.0,0.78,0.95,283.0,-9.97,0.75,-1.38,11.16,-15.72,0.81,7.0,3.0,284.0,-2.87,0.34,-0.47,11.46,-1.52,0.87,1.0,0.0,cst/hydride,3jyo114h_0008,3jyo,m254a+f114h
3jyo,3197,-1128.21,101.99,-36.88,22.92,0.69,0.63,55.0,278.0,53.0,3.47,-14.0,20.0,34.0,1.0,113.0,1.51,0.71,-0.47,0.08,3.0,0.0,0.92,0.93,283.0,-9.92,0.78,-1.37,11.38,-15.66,0.8,7.0,3.0,284.0,-2.77,0.42,-0.47,11.46,-1.35,0.9,1.0,0.0,cst/hydride,3jyo114h_0009,3jyo,m254a+f114h
3orf,1945,-892.59,84.87,-23.88,25.95,0.64,0.63,37.0,223.0,50.0,18.52,-1.0,23.0,24.0,0.99,170.0,0.69,0.52,-0.33,0.05,2.0,0.0,0.72,0.68,231.0,-12.14,1.14,-3.14,12.93,-19.8,0.87,11.0,3.0,232.0,-3.44,0.53,-0.33,12.98,-2.4,0.82,2.0,0.0,cst/hydride,3orf171h_0001,3orf,v171h+l169a+s126a
4bms,2716,-985.73,93.31,-36.74,22.12,0.61,0.6,52.0,258.0,47.0,10.38,-2.0,29.0,31.0,0.99,144.0,-0.9,0.07,-0.33,0.0,2.0,1.0,0.86,0.74,248.0,-13.13,1.07,-4.51,11.06,-21.88,0.86,16.0,3.0,249.0,-2.79,0.12,-0.33,11.06,-1.2,0.76,1.0,0.0,cst/hydride,4bms144h_0002,4bms,l144h+f205l+h147g
4bms,2860,-984.41,93.93,-36.87,22.05,0.62,0.62,52.0,258.0,47.0,8.13,-2.0,29.0,31.0,0.99,144.0,-0.5,0.13,-0.48,0.0,2.0,1.0,0.45,0.77,248.0,-13.15,1.11,-4.51,11.02,-21.92,0.86,16.0,3.0,249.0,-3.01,0.09,-0.48,11.02,-1.65,0.76,1.0,0.0,cst/hydride,4bms144h_0003,4bms,l144h+f205l+h147g
4bmv,3040,-999.72,92.92,-34.15,22.64,0.64,0.63,51.0,265.0,52.0,41.51,-5.0,24.0,29.0,1.0,146.0,-0.65,0.38,-0.24,0.28,2.0,0.0,0.48,0.61,257.0,-11.3,1.33,-5.06,11.04,-18.93,0.94,15.0,5.0,258.0,-2.76,0.19,-0.24,11.32,-1.84,0.92,1.0,0.0,cst/hydride,4bmv148h_0003,4bmv,f148h+l201a
4bmv,3063,-1001.27,92.6,-33.28,22.17,0.68,0.66,55.0,263.0,53.0,42.84,-6.0,23.0,29.0,0.99,148.0,-2.59,0.56,-0.31,0.02,2.0,1.0,0.92,0.86,257.0,-10.8,1.13,-4.06,11.06,-17.67,0.94,13.0,6.0,258.0,-3.06,0.16,-0.31,11.09,-2.18,0.9,1.0,0.0,cst/hydride,4bmv150h_0003,4bmv,f148s+m150h+k157m
4bmv,3243,-1003.22,93.16,-34.65,22.18,0.68,0.64,52.0,265.0,53.0,42.84,-5.0,24.0,29.0,1.0,148.0,-2.61,0.75,-0.36,0.0,2.0,0.0,0.56,0.59,257.0,-11.34,1.21,-4.77,11.09,-18.74,0.94,14.0,6.0,258.0,-3.1,0.19,-0.36,11.09,-2.26,0.9,1.0,0.0,cst/hydride,4bmv150h_0005,4bmv,f148s+m150h
4bmv,3264,-999.92,92.48,-34.05,22.19,0.65,0.65,50.0,265.0,51.0,41.58,-5.0,24.0,29.0,1.0,146.0,-0.74,0.41,-0.27,0.06,2.0,0.0,0.48,0.33,257.0,-11.31,1.31,-5.0,11.03,-18.83,0.94,15.0,5.0,258.0,-2.86,0.18,-0.27,11.1,-1.91,0.92,1.0,0.0,cst/hydride,4bmv148h_0006,4bmv,f148h+l201q
4bmv,3355,-999.64,93.69,-34.21,22.85,0.63,0.62,51.0,265.0,51.0,41.51,-5.0,24.0,29.0,1.0,146.0,-0.51,0.4,-0.23,0.35,2.0,0.0,0.55,0.59,257.0,-11.41,1.33,-5.13,11.07,-19.02,0.94,15.0,5.0,258.0,-2.88,0.14,-0.23,11.42,-1.95,0.92,1.0,0.0,cst/hydride,4bmv148h_0008,4bmv,f148h+l201q
