scaffold,,,total_score,fa_rep,hbond_sc,all_cst,tot_pstat_pm,tot_nlpstat_pm,tot_burunsat_pm,tot_hbond_pm,tot_NLconts_pm,tot_nlsurfaceE_pm,tot_total_charge,tot_total_pos_charges,tot_total_neg_charges,tot_seq_recovery,SR_1,SR_1_total_score,SR_1_fa_rep,SR_1_hbond_sc,SR_1_all_cst,SR_1_hbond_pm,SR_1_burunsat_pm,SR_1_pstat_pm,SR_1_nlpstat_pm,SR_2,SR_2_total_score,SR_2_fa_rep,SR_2_hbond_sc,SR_2_all_cst,SR_2_interf_E_1_2,SR_2_dsasa_1_2,SR_2_hbond_pm,SR_2_burunsat_pm,SR_3,SR_3_total_score,SR_3_fa_rep,SR_3_hbond_sc,SR_3_all_cst,SR_3_interf_E_1_3,SR_3_dsasa_1_3,SR_3_hbond_pm,SR_3_burunsat_pm,user_tag,description,mutant,scaffold
1e6u,1e6u136h,564,-1273.65,126.5,-39.39,43.05,0.66,0.65,78.0,306.0,94.0,8.56,-4.0,31.0,35.0,1.0,135.0,-0.3,0.71,0.0,7.98,1.0,2.0,0.65,0.54,316.0,-11.46,1.0,-1.95,13.55,-18.59,0.81,11.0,0.0,317.0,-2.26,0.32,0.0,21.52,-0.2,0.66,0.0,0.0,cst/hydride,1e6u136h_0004,1e6u136h,1e6u
1e6u,1e6u179h,72,-1272.48,126.06,-41.04,34.04,0.65,0.64,76.0,310.0,95.0,8.12,-4.0,31.0,35.0,1.0,178.0,0.67,0.53,-0.13,5.47,3.0,1.0,0.49,0.52,316.0,-11.23,1.16,-2.32,11.55,-18.94,0.82,12.0,1.0,317.0,-1.97,0.37,-0.13,17.02,-0.42,0.64,1.0,0.0,cst/hydride,1e6u179h_0001,1e6u179h,1e6u
1ee9,1ee9274h,921,-1253.51,130.59,-24.55,58.59,0.61,0.6,82.0,293.0,71.0,22.41,-2.0,39.0,41.0,1.0,272.0,-0.29,0.96,0.0,13.09,2.0,1.0,0.94,0.79,318.0,-6.31,2.5,-1.59,16.21,-11.2,0.63,7.0,0.0,319.0,-1.21,1.43,0.0,29.3,-1.01,0.54,0.0,0.0,cst/hydride,1ee9274h_0005,1ee9274h,1ee9
1kol,1kol340h,711,-1567.55,147.12,-43.47,25.49,0.63,0.62,132.0,346.0,91.0,7.78,-4.0,38.0,42.0,0.99,339.0,1.49,1.94,-0.49,1.18,4.0,1.0,0.8,0.78,397.0,-13.18,1.96,-2.77,11.57,-23.52,0.92,12.0,5.0,398.0,-2.19,0.91,-0.49,12.75,-1.54,0.8,1.0,0.0,cst/hydride,1kol340h_0005,1kol340h,1kol
1kol,1kol94h,507,-1567.95,145.8,-43.79,33.02,0.65,0.62,131.0,346.0,95.0,7.52,-6.0,38.0,44.0,0.99,93.0,-1.11,1.22,-0.56,0.33,2.0,1.0,0.64,0.83,397.0,-13.49,1.42,-2.76,16.18,-23.18,0.93,12.0,5.0,398.0,-2.53,1.1,-0.56,16.51,-1.26,0.88,1.0,0.0,cst/hydride,1kol94h_0004,1kol94h,1kol
1lc3,1lc319h,597,-1165.41,110.28,-31.54,57.95,0.67,0.65,67.0,266.0,76.0,36.3,-9.0,34.0,43.0,0.98,18.0,-2.57,0.36,-1.01,0.25,4.0,0.0,0.83,0.85,293.0,-8.91,0.59,-0.98,28.72,-13.43,0.74,6.0,4.0,294.0,-2.9,0.69,-0.31,28.98,-1.4,0.99,1.0,0.0,cst/hydride,1lc319h_0005,1lc319h,1lc3
1lj8,1lj8303h,946,-1898.84,196.88,-73.8,26.13,0.59,0.6,161.0,458.0,124.0,18.27,-22.0,43.0,65.0,0.99,295.0,-0.53,0.38,0.0,2.01,3.0,0.0,0.82,0.78,482.0,-11.45,1.2,-1.26,11.06,-18.52,0.8,11.0,4.0,483.0,-2.34,0.11,0.0,13.06,-0.31,0.78,0.0,0.0,cst/hydride,1lj8303h_0006,1lj8303h,1lj8
1lj8,1lj8373h,275,-1892.96,202.76,-69.37,47.5,0.6,0.57,160.0,458.0,119.0,18.05,-23.0,42.0,65.0,1.0,362.0,0.32,0.37,0.0,4.39,1.0,1.0,0.2,0.17,482.0,-11.25,1.81,-1.36,19.36,-19.29,0.83,11.0,3.0,483.0,-1.66,0.7,0.0,23.75,-0.12,0.66,0.0,0.0,cst/hydride,1lj8373h_0003,1lj8373h,1lj8
1nnu,1nnu269h,23,-872.57,103.72,-29.81,27.15,0.66,0.64,55.0,219.0,50.0,17.62,8.0,30.0,22.0,0.99,173.0,-0.83,1.22,-0.87,2.44,2.0,2.0,0.83,0.82,230.0,-12.23,1.39,-2.38,11.14,-20.8,0.88,9.0,1.0,231.0,-2.29,0.55,-0.23,13.58,-0.92,0.54,1.0,0.0,cst/hydride,1nnu269h_0001,1nnu269h,1nnu
1nnu,1nnu277h,898,-874.05,105.19,-28.49,24.18,0.6,0.6,53.0,218.0,48.0,17.13,8.0,30.0,22.0,1.0,181.0,0.04,1.15,-0.44,1.09,2.0,1.0,0.71,0.68,230.0,-12.47,1.23,-2.36,11.0,-20.97,0.89,9.0,1.0,231.0,-2.37,0.65,-0.44,12.09,-0.77,0.65,1.0,0.0,cst/hydride,1nnu277h_0007,1nnu277h,1nnu
1o2d,1o2d147h,36,-1371.7,145.81,-45.98,39.52,0.64,0.61,118.0,315.0,86.0,6.07,-6.0,47.0,53.0,1.0,144.0,0.22,0.36,0.0,8.15,0.0,3.0,0.95,0.95,349.0,-12.5,1.22,-4.15,11.62,-20.66,0.91,14.0,4.0,350.0,-2.93,0.22,0.0,19.76,-1.52,0.95,0.0,0.0,cst/hydride,1o2d147h_0001,1o2d147h,1o2d
1o2d,1o2d336h,70,-1373.84,142.45,-49.29,53.06,0.58,0.59,113.0,314.0,87.0,7.15,-6.0,47.0,53.0,0.99,325.0,1.72,0.23,0.0,10.65,1.0,1.0,0.35,0.34,349.0,-12.53,1.14,-4.53,15.88,-20.64,0.9,13.0,3.0,350.0,-3.54,0.14,-0.71,26.53,-2.67,0.9,1.0,0.0,cst/hydride,1o2d336h_0001,1o2d336h,1o2d
1oaa,1oaa159h,578,-1041.79,89.77,-34.66,35.82,0.6,0.56,51.0,262.0,48.0,7.97,1.0,26.0,25.0,1.0,157.0,-0.21,0.54,-0.54,2.4,3.0,1.0,0.67,0.6,260.0,-13.23,1.08,-4.89,15.51,-22.19,0.91,15.0,4.0,261.0,-2.62,0.23,0.0,17.91,-0.96,0.83,0.0,0.0,cst/hydride,1oaa159h_0006,1oaa159h,1oaa
1oaa,1oaa207h,1216,-1042.0,91.72,-33.67,26.83,0.6,0.58,50.0,260.0,49.0,8.3,-1.0,25.0,26.0,1.0,205.0,-2.46,0.69,-0.57,1.05,3.0,1.0,0.86,0.71,260.0,-12.79,1.71,-4.96,12.37,-22.57,0.9,15.0,5.0,261.0,-2.42,0.77,-0.57,13.41,-1.82,0.81,1.0,0.0,cst/hydride,1oaa207h_0009,1oaa207h,1oaa
1vlj,1vlj72h,719,-1612.18,172.04,-52.79,57.42,0.64,0.65,106.0,378.0,93.0,4.88,-1.0,51.0,52.0,0.98,75.0,0.76,1.2,0.0,12.58,0.0,2.0,0.78,0.77,399.0,-11.14,2.14,-2.84,16.13,-19.33,0.85,14.0,1.0,400.0,-2.27,1.26,-0.63,28.71,-1.59,0.73,1.0,0.0,cst/hydride,1vlj72h_0005,1vlj72h,1vlj
1yjq,1yjq120h,55,-1186.44,121.28,-39.83,23.02,0.65,0.62,83.0,289.0,78.0,1.45,-12.0,23.0,35.0,0.99,120.0,-2.11,0.62,-0.43,0.36,2.0,1.0,0.92,0.96,294.0,-10.61,1.05,-1.99,11.15,-16.84,0.74,10.0,3.0,295.0,-2.82,0.57,-0.43,11.51,-1.25,0.84,1.0,0.0,cst/hydride,1yjq120h_0001,1yjq120h,1yjq
1yjq,1yjq137h,1472,-1183.87,119.21,-37.53,30.96,0.65,0.66,81.0,286.0,79.0,1.45,-12.0,23.0,35.0,0.99,137.0,-1.25,0.41,0.0,3.11,2.0,0.0,0.9,0.89,294.0,-10.71,0.83,-2.02,12.37,-16.79,0.74,10.0,3.0,295.0,-2.94,0.13,0.0,15.48,-1.25,0.85,0.0,0.0,cst/hydride,1yjq137h_0009,1yjq137h,1yjq
2ag8,2ag8255h,901,-911.61,81.68,-18.36,32.71,0.54,0.57,59.0,212.0,35.0,22.35,0.0,32.0,32.0,1.0,247.0,0.02,0.43,0.0,2.87,1.0,0.0,0.82,0.9,255.0,-6.88,1.18,-0.44,13.48,-9.75,0.67,3.0,3.0,256.0,-2.81,0.34,-0.6,16.36,-1.6,0.62,1.0,0.0,cst/hydride,2ag8255h_0009,2ag8255h,2ag8
2azn,2azn61h,787,-817.16,79.82,-21.22,49.89,0.65,0.65,67.0,186.0,45.0,44.08,5.0,39.0,34.0,1.0,54.0,0.97,0.41,0.0,10.32,1.0,0.0,0.44,0.47,215.0,-9.18,1.0,-0.66,14.63,-14.34,0.8,10.0,1.0,216.0,-2.09,0.34,0.0,24.94,-0.15,0.43,0.0,0.0,cst/hydride,2azn61h_0002,2azn61h,2azn
2d2i,2d2i12h,1092,-1310.03,132.83,-45.17,35.35,0.67,0.66,83.0,324.0,73.0,4.91,-3.0,35.0,38.0,0.99,12.0,1.33,0.95,-0.41,0.26,3.0,0.0,0.74,0.88,339.0,-7.62,1.29,-1.28,17.42,-12.32,0.7,6.0,3.0,340.0,-2.39,0.61,-0.41,17.68,-1.85,0.8,1.0,0.0,cst/hydride,2d2i12h_0003,2d2i12h,2d2i
2d2i,2d2i158h,1492,-1311.32,130.18,-42.58,33.7,0.67,0.66,81.0,317.0,74.0,4.72,-3.0,36.0,39.0,0.99,158.0,0.28,0.48,0.0,3.43,1.0,1.0,0.79,0.52,339.0,-9.86,1.03,-1.72,13.42,-15.3,0.69,7.0,3.0,340.0,-2.64,0.29,0.0,16.85,-0.87,0.95,0.0,0.0,cst/hydride,2d2i158h_0004,2d2i158h,2d2i
2dbq,2dbq292h,1280,-1282.52,133.06,-36.1,29.05,0.65,0.64,92.0,293.0,80.0,78.4,1.0,53.0,52.0,0.99,287.0,-1.55,0.11,-0.52,3.45,2.0,0.0,0.82,0.57,328.0,-10.16,1.37,-0.83,11.08,-16.6,0.82,5.0,4.0,329.0,-2.19,0.41,0.0,14.52,-0.65,0.85,0.0,0.0,cst/hydride,2dbq292h_0004,2dbq292h,2dbq
2dbq,2dbq77h,2084,-1283.8,134.11,-36.8,23.35,0.64,0.64,88.0,296.0,80.0,77.88,1.0,53.0,52.0,0.99,74.0,-0.37,0.77,-0.79,0.22,3.0,1.0,0.62,0.82,328.0,-10.45,1.35,-0.83,11.46,-16.59,0.83,5.0,4.0,329.0,-2.85,0.47,-0.54,11.67,-1.4,0.76,1.0,0.0,cst/hydride,2dbq77h_0008,2dbq77h,2dbq
2f1k,2f1k112h,2452,-1046.16,115.31,-15.92,45.37,0.66,0.65,62.0,256.0,44.0,88.69,-7.0,22.0,29.0,0.99,112.0,-0.44,1.08,0.0,11.03,1.0,1.0,0.87,0.7,278.0,-11.2,1.53,-2.19,11.66,-18.97,0.75,11.0,3.0,279.0,-1.91,0.71,0.0,22.68,-0.4,0.56,0.0,0.0,cst/hydride,2f1k112h_0008,2f1k112h,2f1k
2f1k,2f1k117h,1039,-1044.75,114.12,-15.03,34.95,0.67,0.66,59.0,257.0,48.0,88.06,-8.0,22.0,30.0,0.99,116.0,-0.75,0.16,0.0,5.24,0.0,0.0,0.52,0.36,278.0,-11.09,1.48,-1.76,12.23,-19.36,0.77,10.0,3.0,279.0,-1.35,1.27,0.0,17.47,0.12,0.66,0.0,0.0,cst/hydride,2f1k117h_0001,2f1k117h,2f1k
2g5c,2g5c124h,1517,-1028.11,113.0,-30.58,40.97,0.67,0.64,64.0,259.0,51.0,170.81,-3.0,39.0,42.0,0.99,92.0,2.15,0.63,-1.23,7.68,3.0,1.0,0.85,0.66,271.0,-11.22,0.73,-2.75,12.81,-17.72,0.79,9.0,2.0,272.0,-3.5,0.1,-0.27,20.48,-2.28,0.81,1.0,0.0,cst/hydride,2g5c124h_0003,2g5c124h,2g5c
2g5c,2g5c165h,1507,-1030.47,115.02,-27.45,42.65,0.63,0.62,68.0,258.0,50.0,169.95,-3.0,39.0,42.0,1.0,133.0,-1.98,0.33,0.0,10.18,1.0,2.0,0.48,0.64,271.0,-10.62,0.78,-2.71,11.15,-16.76,0.79,9.0,2.0,272.0,-2.52,0.54,0.0,21.33,-0.55,0.81,0.0,0.0,cst/hydride,2g5c165h_0003,2g5c165h,2g5c
2i3g,2i3g189h,2154,-1363.82,128.17,-39.85,23.47,0.68,0.66,79.0,309.0,75.0,7.02,-6.0,23.0,29.0,0.99,184.0,-0.42,0.53,-0.4,0.0,3.0,0.0,0.63,0.57,348.0,-8.79,0.86,-0.96,11.73,-13.29,0.74,9.0,1.0,349.0,-2.57,0.65,-0.4,11.74,-0.85,0.79,1.0,0.0,cst/hydride,2i3g189h_0008,2i3g189h,2i3g
2i3g,2i3g190h,2090,-1363.73,127.47,-39.9,23.97,0.66,0.64,79.0,308.0,76.0,7.49,-6.0,23.0,29.0,0.99,185.0,-0.59,1.68,-0.65,0.0,2.0,2.0,0.78,0.87,348.0,-7.97,0.92,-0.92,11.99,-12.15,0.71,9.0,1.0,349.0,-2.48,0.91,-0.65,11.99,-1.17,0.82,1.0,0.0,cst/hydride,2i3g190h_0005,2i3g190h,2i3g
2i3g,2i3g20h,1906,-1366.57,126.43,-38.51,25.06,0.67,0.67,77.0,310.0,75.0,6.7,-6.0,23.0,29.0,0.99,15.0,-1.45,0.1,-0.47,0.0,3.0,0.0,0.69,0.49,348.0,-8.57,0.94,-1.1,12.53,-12.94,0.74,10.0,1.0,349.0,-2.93,0.26,-0.47,12.53,-1.66,0.76,1.0,0.0,cst/hydride,2i3g20h_0006,2i3g20h,2i3g
2v6g,2v6g215h,2418,-1451.28,147.5,-57.04,35.2,0.66,0.65,105.0,345.0,118.0,17.56,-13.0,38.0,51.0,0.99,190.0,-0.77,0.96,-0.19,1.56,3.0,0.0,0.43,0.6,365.0,-10.97,2.31,-4.16,16.04,-18.38,0.96,17.0,6.0,366.0,-2.05,0.49,-0.19,17.6,-0.53,0.8,1.0,0.0,cst/hydride,2v6g215h_0007,2v6g215h,2v6g
2v6g,2v6g256h,3211,-1443.43,158.65,-53.05,93.82,0.66,0.67,108.0,340.0,110.0,16.72,-13.0,38.0,51.0,1.0,231.0,0.4,1.85,0.0,33.19,2.0,1.0,0.74,0.66,365.0,-10.47,3.29,-3.89,13.72,-19.94,0.96,16.0,6.0,366.0,-0.86,1.83,0.0,46.91,-0.71,0.87,0.0,0.0,cst/hydride,2v6g256h_0008,2v6g256h,2v6g
2zb4,2zb4288h,2534,-1409.3,138.7,-37.08,31.38,0.67,0.65,65.0,343.0,79.0,18.2,-9.0,30.0,39.0,1.0,289.0,-2.03,0.29,-0.83,2.89,4.0,0.0,0.48,0.41,352.0,-7.73,2.97,-2.63,12.8,-13.76,0.9,10.0,2.0,353.0,-1.5,1.65,-0.34,15.69,-1.29,0.8,1.0,0.0,cst/hydride,2zb4288h_0009,2zb4288h,2zb4
2zb4,2zb4290h,2410,-1412.31,135.75,-36.31,26.46,0.64,0.64,64.0,341.0,82.0,19.11,-8.0,31.0,39.0,1.0,291.0,-1.31,0.42,-0.13,2.16,1.0,1.0,0.2,0.29,352.0,-8.6,1.85,-2.48,11.07,-13.23,0.89,10.0,2.0,353.0,-2.67,0.36,-0.13,13.23,-1.38,0.83,1.0,0.0,cst/hydride,2zb4290h_0008,2zb4290h,2zb4
3ajr,3ajr179h,1597,-1293.5,136.27,-42.43,29.82,0.66,0.66,97.0,311.0,93.0,3.26,-6.0,41.0,47.0,1.0,179.0,-1.25,0.83,0.0,3.74,1.0,1.0,0.95,0.85,315.0,-11.69,1.46,-1.96,11.17,-19.41,0.92,10.0,3.0,316.0,-1.91,0.58,0.0,14.91,0.14,0.88,0.0,0.0,cst/hydride,3ajr179h_0001,3ajr179h,3ajr
3ajr,3ajr180h,2756,-1290.67,137.66,-42.02,44.14,0.68,0.68,102.0,311.0,92.0,3.79,-6.0,41.0,47.0,1.0,180.0,-1.15,1.2,0.0,5.39,2.0,1.0,0.58,0.79,315.0,-11.58,1.5,-1.94,16.68,-19.05,0.91,10.0,5.0,316.0,-4.16,0.25,0.0,22.07,-4.2,0.84,2.0,0.0,cst/hydride,3ajr180h_0009,3ajr180h,3ajr
3jyo,3jyo230h,1697,-1135.05,103.36,-38.07,33.09,0.67,0.66,58.0,279.0,55.0,3.15,-16.0,19.0,35.0,1.0,229.0,-0.61,0.38,-0.21,2.91,1.0,2.0,0.89,0.94,283.0,-9.43,1.37,-1.4,13.64,-15.25,0.81,7.0,3.0,284.0,-2.08,0.65,-0.21,16.55,-0.56,0.45,1.0,0.0,cst/hydride,3jyo230h_0002,3jyo230h,3jyo
3jyo,3jyo255h,3024,-1136.36,103.63,-37.22,37.08,0.7,0.67,60.0,278.0,57.0,3.62,-16.0,19.0,35.0,1.0,254.0,-0.65,0.87,0.0,7.5,2.0,1.0,0.94,0.97,283.0,-9.95,1.31,-1.38,11.04,-16.34,0.83,7.0,3.0,284.0,-1.86,0.66,0.0,18.54,-0.15,0.72,0.0,0.0,cst/hydride,3jyo255h_0009,3jyo255h,3jyo
3kvo,3kvo197h,3149,-1078.98,105.17,-32.12,30.6,0.69,0.68,70.0,253.0,60.0,22.96,4.0,29.0,25.0,1.0,197.0,-1.09,1.45,-0.02,0.03,1.0,2.0,0.94,0.97,274.0,-10.33,2.26,-3.5,15.27,-18.1,0.91,16.0,3.0,275.0,-1.78,0.76,-0.02,15.3,-1.0,0.87,1.0,0.0,cst/hydride,3kvo197h_0008,3kvo197h,3kvo
3kvo,3kvo205h,1805,-1084.38,105.34,-32.17,35.81,0.69,0.7,73.0,253.0,62.0,26.54,3.0,29.0,26.0,1.0,205.0,-0.25,0.64,-0.55,0.14,2.0,0.0,0.96,0.94,274.0,-10.64,2.08,-3.39,17.76,-18.11,0.91,16.0,4.0,275.0,-2.89,0.63,-0.55,17.91,-2.59,0.93,1.0,0.0,cst/hydride,3kvo205h_0002,3kvo205h,3kvo
3oet,3oet254h,1968,-1419.96,154.87,-42.3,50.4,0.61,0.58,75.0,347.0,86.0,10.98,-10.0,40.0,50.0,1.0,249.0,1.08,1.54,0.0,7.64,2.0,1.0,0.4,0.5,371.0,-12.73,1.84,-2.35,17.56,-22.76,0.84,12.0,3.0,372.0,-1.37,1.28,0.0,25.2,-0.05,0.71,0.0,0.0,cst/hydride,3oet254h_0003,3oet254h,3oet
3oet,3oet258h,2881,-1424.99,148.35,-43.69,38.99,0.6,0.59,79.0,348.0,86.0,11.21,-10.0,40.0,50.0,1.0,253.0,-1.02,0.43,-0.01,2.38,2.0,1.0,0.7,0.6,371.0,-12.54,1.76,-2.35,17.11,-22.0,0.83,12.0,3.0,372.0,-1.58,0.66,-0.01,19.5,-0.09,0.51,1.0,0.0,cst/hydride,3oet258h_0009,3oet258h,3oet
3orf,3orf135h,2095,-906.78,86.0,-23.32,27.96,0.64,0.64,35.0,223.0,56.0,21.9,-1.0,23.0,24.0,1.0,134.0,0.16,0.39,0.0,2.92,2.0,0.0,0.6,0.67,231.0,-12.02,1.26,-3.3,11.06,-19.67,0.86,11.0,3.0,232.0,-2.64,0.23,0.0,13.98,-0.91,0.73,0.0,0.0,cst/hydride,3orf135h_0003,3orf135h,3orf
3orf,3orf146h,2362,-901.31,84.44,-24.31,98.64,0.61,0.62,35.0,223.0,52.0,23.52,-1.0,23.0,24.0,1.0,145.0,0.51,0.53,0.0,34.27,2.0,0.0,0.91,0.78,231.0,-11.73,1.44,-3.11,15.05,-19.55,0.86,11.0,3.0,232.0,-3.69,0.59,-0.53,49.32,-3.47,0.82,2.0,0.0,cst/hydride,3orf146h_0004,3orf146h,3orf
3pzr,3pzr76h,3219,-1431.84,136.02,-43.84,48.28,0.62,0.61,95.0,341.0,74.0,28.33,-6.0,38.0,44.0,1.0,76.0,-0.03,1.32,-0.19,0.82,2.0,2.0,0.23,0.37,371.0,-5.06,0.67,-1.42,23.32,-5.74,0.51,7.0,2.0,372.0,-2.4,0.62,-0.19,24.14,-0.43,0.75,1.0,0.0,cst/hydride,3pzr76h_0008,3pzr76h,3pzr
3rj5,3rj5181h,2757,-988.87,102.18,-32.23,92.88,0.66,0.64,58.0,253.0,63.0,25.48,1.0,25.0,24.0,1.0,181.0,3.16,1.36,0.0,32.43,1.0,2.0,0.82,0.83,255.0,-11.01,2.13,-2.84,14.01,-20.0,0.91,14.0,4.0,256.0,-1.27,1.53,0.0,46.44,-0.53,0.92,0.0,0.0,cst/hydride,3rj5181h_0003,3rj5181h,3rj5
3rj5,3rj5189h,3298,-1002.54,100.78,-34.43,37.85,0.66,0.64,59.0,255.0,56.0,26.43,1.0,25.0,24.0,0.99,189.0,-1.76,0.86,-0.83,1.32,3.0,0.0,0.9,0.75,255.0,-12.68,1.34,-2.85,17.61,-22.34,0.93,14.0,4.0,256.0,-2.61,0.75,-0.45,18.92,-2.21,0.96,1.0,0.0,cst/hydride,3rj5189h_0008,3rj5189h,3rj5
3zhb,3zhb139h,2447,-1075.82,112.44,-22.43,41.47,0.58,0.58,49.0,258.0,44.0,23.01,-15.0,14.0,29.0,1.0,121.0,-0.49,0.6,-0.12,5.74,2.0,0.0,0.55,0.88,289.0,-7.48,0.91,-1.77,15.0,-11.98,0.71,10.0,2.0,290.0,-1.78,0.55,0.0,20.74,-0.57,0.7,0.0,0.0,cst/hydride,3zhb139h_0002,3zhb139h,3zhb
4bms,4bms139h,2915,-986.87,95.91,-36.31,27.97,0.6,0.6,55.0,259.0,48.0,9.81,-2.0,29.0,31.0,1.0,139.0,-1.28,1.09,-0.17,2.94,4.0,1.0,0.95,0.9,248.0,-12.35,1.59,-4.11,11.04,-21.21,0.86,15.0,3.0,249.0,-2.38,0.56,-0.17,13.99,-1.27,0.86,1.0,0.0,cst/hydride,4bms139h_0003,4bms139h,4bms
4bms,4bms187h,3400,-989.36,94.84,-38.46,34.73,0.61,0.62,54.0,262.0,48.0,14.73,-2.0,29.0,31.0,1.0,187.0,-1.53,0.66,0.0,6.31,2.0,0.0,0.78,0.76,248.0,-12.45,1.36,-4.51,11.05,-21.21,0.88,16.0,4.0,249.0,-2.21,0.47,0.0,17.37,-0.73,0.82,0.0,0.0,cst/hydride,4bms187h_0008,4bms187h,4bms
4bmv,4bmv142h,3128,-1001.8,91.72,-33.75,26.99,0.69,0.64,52.0,265.0,51.0,42.48,-5.0,24.0,29.0,1.0,140.0,-0.76,0.89,-0.07,2.4,3.0,0.0,0.82,0.89,257.0,-11.17,1.59,-5.05,11.1,-18.93,0.94,15.0,5.0,258.0,-2.38,0.54,-0.07,13.49,-1.36,0.95,1.0,0.0,cst/hydride,4bmv142h_0004,4bmv142h,4bmv
4bmv,4bmv150h,3243,-1003.22,93.16,-34.65,22.18,0.68,0.64,52.0,265.0,53.0,42.84,-5.0,24.0,29.0,1.0,148.0,-2.61,0.75,-0.36,0.0,2.0,0.0,0.56,0.59,257.0,-11.34,1.21,-4.77,11.09,-18.74,0.94,14.0,6.0,258.0,-3.1,0.19,-0.36,11.09,-2.26,0.9,1.0,0.0,cst/hydride,4bmv150h_0005,4bmv150h,4bmv
