scaffold,,total_score,fa_rep,hbond_sc,all_cst,tot_pstat_pm,tot_nlpstat_pm,tot_burunsat_pm,tot_hbond_pm,tot_NLconts_pm,tot_nlsurfaceE_pm,tot_total_charge,tot_total_pos_charges,tot_total_neg_charges,tot_seq_recovery,SR_1,SR_1_total_score,SR_1_fa_rep,SR_1_hbond_sc,SR_1_all_cst,SR_1_hbond_pm,SR_1_burunsat_pm,SR_1_pstat_pm,SR_1_nlpstat_pm,SR_2,SR_2_total_score,SR_2_fa_rep,SR_2_hbond_sc,SR_2_all_cst,SR_2_interf_E_1_2,SR_2_dsasa_1_2,SR_2_hbond_pm,SR_2_burunsat_pm,SR_3,SR_3_total_score,SR_3_fa_rep,SR_3_hbond_sc,SR_3_all_cst,SR_3_interf_E_1_3,SR_3_dsasa_1_3,SR_3_hbond_pm,SR_3_burunsat_pm,user_tag,description,scaffold
1e6u,72,-1272.48,126.06,-41.04,34.04,0.65,0.64,76.0,310.0,95.0,8.12,-4.0,31.0,35.0,1.0,178.0,0.67,0.53,-0.13,5.47,3.0,1.0,0.49,0.52,316.0,-11.23,1.16,-2.32,11.55,-18.94,0.82,12.0,1.0,317.0,-1.97,0.37,-0.13,17.02,-0.42,0.64,1.0,0.0,cst/hydride,1e6u179h_0001,1e6u
1e6u,216,-1271.03,125.73,-40.71,34.4,0.65,0.65,77.0,309.0,93.0,8.56,-4.0,31.0,35.0,1.0,178.0,0.48,0.52,-0.16,5.51,3.0,1.0,0.62,0.63,316.0,-11.16,1.16,-2.38,11.69,-18.79,0.82,12.0,1.0,317.0,-2.02,0.36,-0.16,17.2,-0.51,0.61,1.0,0.0,cst/hydride,1e6u179h_0002,1e6u
1e6u,237,-1271.99,126.41,-40.43,40.24,0.66,0.67,77.0,308.0,95.0,8.56,-4.0,31.0,35.0,1.0,135.0,0.29,0.71,0.0,6.95,1.0,2.0,0.39,0.63,316.0,-11.97,0.95,-2.0,13.17,-19.48,0.8,11.0,0.0,317.0,-2.33,0.11,0.0,20.12,-0.19,0.55,0.0,0.0,cst/hydride,1e6u136h_0002,1e6u
1e6u,406,-1271.43,127.54,-40.03,41.95,0.65,0.64,77.0,308.0,95.0,8.39,-4.0,31.0,35.0,1.0,135.0,-0.06,0.75,0.0,7.61,1.0,2.0,0.91,0.85,316.0,-11.5,1.03,-2.0,13.36,-18.7,0.81,11.0,1.0,317.0,-2.23,0.3,0.0,20.98,-0.15,0.63,0.0,0.0,cst/hydride,1e6u136h_0003,1e6u
1e6u,530,-1270.91,126.32,-40.77,33.61,0.67,0.66,75.0,309.0,93.0,8.51,-4.0,31.0,35.0,1.0,178.0,0.98,0.63,-0.2,5.2,3.0,1.0,0.85,0.61,316.0,-10.98,1.42,-2.32,11.61,-18.92,0.82,12.0,1.0,317.0,-1.77,0.63,-0.2,16.8,-0.52,0.62,1.0,0.0,cst/hydride,1e6u179h_0004,1e6u
1e6u,564,-1273.65,126.5,-39.39,43.05,0.66,0.65,78.0,306.0,94.0,8.56,-4.0,31.0,35.0,1.0,135.0,-0.3,0.71,0.0,7.98,1.0,2.0,0.65,0.54,316.0,-11.46,1.0,-1.95,13.55,-18.59,0.81,11.0,0.0,317.0,-2.26,0.32,0.0,21.52,-0.2,0.66,0.0,0.0,cst/hydride,1e6u136h_0004,1e6u
1e6u,718,-1272.37,127.15,-39.92,41.38,0.67,0.66,77.0,308.0,93.0,8.61,-4.0,31.0,35.0,1.0,135.0,0.16,0.69,0.0,7.39,1.0,2.0,0.77,0.69,316.0,-11.97,0.92,-1.99,13.3,-19.46,0.8,11.0,0.0,317.0,-2.35,0.13,0.0,20.69,-0.21,0.53,0.0,0.0,cst/hydride,1e6u136h_0005,1e6u
1e6u,818,-1271.27,124.91,-40.72,31.47,0.64,0.65,75.0,310.0,93.0,8.39,-4.0,31.0,35.0,1.0,178.0,1.41,0.53,-0.13,4.12,3.0,1.0,0.67,0.6,316.0,-11.05,1.23,-2.3,11.62,-18.76,0.82,12.0,0.0,317.0,-1.85,0.47,-0.13,15.74,-0.37,0.61,1.0,0.0,cst/hydride,1e6u179h_0006,1e6u
1e6u,878,-1273.1,126.42,-40.47,40.78,0.66,0.65,75.0,309.0,91.0,8.39,-4.0,31.0,35.0,1.0,135.0,0.17,0.76,0.0,7.12,1.0,2.0,0.55,0.61,316.0,-12.27,0.93,-2.33,13.27,-20.09,0.8,12.0,0.0,317.0,-2.33,0.12,0.0,20.39,-0.2,0.57,0.0,0.0,cst/hydride,1e6u136h_0006,1e6u
1e6u,1017,-1271.31,126.62,-40.03,41.41,0.63,0.65,77.0,308.0,92.0,8.61,-4.0,31.0,35.0,1.0,135.0,0.11,0.64,0.0,7.49,1.0,2.0,0.68,0.7,316.0,-11.97,0.95,-1.99,13.22,-19.42,0.8,11.0,0.0,317.0,-2.36,0.11,0.0,20.7,-0.21,0.56,0.0,0.0,cst/hydride,1e6u136h_0007,1e6u
1e6u,1179,-1271.45,127.14,-40.59,41.89,0.67,0.66,75.0,308.0,94.0,8.56,-4.0,31.0,35.0,1.0,135.0,0.19,0.73,0.0,7.7,1.0,2.0,0.39,0.41,316.0,-11.98,0.98,-2.01,13.24,-19.53,0.8,11.0,0.0,317.0,-2.32,0.17,0.0,20.94,-0.21,0.55,0.0,0.0,cst/hydride,1e6u136h_0008,1e6u
1e6u,1234,-1270.47,125.7,-40.53,31.22,0.68,0.65,75.0,309.0,94.0,8.56,-4.0,31.0,35.0,1.0,178.0,0.94,0.76,-0.14,3.62,3.0,1.0,0.64,0.63,316.0,-10.91,1.36,-2.32,11.99,-18.59,0.82,12.0,0.0,317.0,-1.81,0.51,-0.14,15.61,-0.39,0.59,1.0,0.0,cst/hydride,1e6u179h_0009,1e6u
1ee9,146,-1253.02,130.98,-24.95,58.11,0.62,0.61,82.0,294.0,68.0,22.73,-2.0,39.0,41.0,1.0,272.0,0.24,0.96,0.0,12.84,2.0,0.0,0.88,0.88,318.0,-6.31,2.47,-1.6,16.21,-11.28,0.64,7.0,0.0,319.0,-1.24,1.45,0.0,29.06,-1.13,0.54,0.0,0.0,cst/hydride,1ee9274h_0001,1ee9
1ee9,336,-1251.86,131.15,-24.22,58.31,0.61,0.6,82.0,292.0,75.0,22.76,-2.0,39.0,41.0,1.0,272.0,-0.04,0.87,0.0,12.93,2.0,0.0,0.88,0.91,318.0,-6.36,2.42,-1.62,16.23,-11.37,0.65,7.0,0.0,319.0,-1.22,1.44,0.0,29.15,-1.07,0.51,0.0,0.0,cst/hydride,1ee9274h_0002,1ee9
1ee9,590,-1250.17,134.24,-25.52,85.52,0.62,0.6,85.0,295.0,68.0,21.33,-3.0,39.0,42.0,1.0,126.0,-0.87,0.71,0.0,28.44,2.0,0.0,0.61,0.62,318.0,-8.09,1.36,-1.59,14.31,-12.3,0.64,7.0,0.0,319.0,-2.11,0.23,0.0,42.76,-0.34,0.77,0.0,0.0,cst/hydride,1ee9128h_0004,1ee9
1ee9,734,-1250.67,131.51,-24.5,57.55,0.61,0.6,81.0,292.0,75.0,22.76,-2.0,39.0,41.0,1.0,272.0,0.49,0.94,0.0,12.63,2.0,0.0,0.94,0.92,318.0,-6.29,2.43,-1.59,16.15,-11.25,0.64,7.0,0.0,319.0,-1.25,1.45,0.0,28.78,-1.17,0.52,0.0,0.0,cst/hydride,1ee9274h_0004,1ee9
1ee9,921,-1253.51,130.59,-24.55,58.59,0.61,0.6,82.0,293.0,71.0,22.41,-2.0,39.0,41.0,1.0,272.0,-0.29,0.96,0.0,13.09,2.0,1.0,0.94,0.79,318.0,-6.31,2.5,-1.59,16.21,-11.2,0.63,7.0,0.0,319.0,-1.21,1.43,0.0,29.3,-1.01,0.54,0.0,0.0,cst/hydride,1ee9274h_0005,1ee9
1ee9,1107,-1252.45,131.01,-24.37,58.79,0.63,0.62,82.0,293.0,70.0,22.69,-2.0,39.0,41.0,1.0,272.0,-0.31,0.92,0.0,13.22,2.0,0.0,0.92,0.82,318.0,-6.25,2.51,-1.54,16.18,-11.07,0.63,7.0,0.0,319.0,-1.19,1.42,0.0,29.39,-0.94,0.53,0.0,0.0,cst/hydride,1ee9274h_0006,1ee9
1ee9,1285,-1250.44,133.96,-24.09,77.25,0.63,0.63,87.0,293.0,72.0,22.35,-2.0,39.0,41.0,1.0,147.0,-0.89,1.91,0.0,21.94,1.0,1.0,0.91,0.85,318.0,-8.05,0.95,-1.49,16.68,-11.95,0.64,7.0,0.0,319.0,-2.36,0.03,0.0,38.62,-0.57,0.77,0.0,0.0,cst/hydride,1ee9149h_0008,1ee9
1ee9,1314,-1250.8,131.78,-24.29,58.07,0.61,0.61,82.0,292.0,72.0,22.82,-2.0,39.0,41.0,1.0,272.0,0.1,0.95,0.0,12.85,2.0,0.0,0.77,0.75,318.0,-6.47,2.44,-1.59,16.18,-11.56,0.64,7.0,0.0,319.0,-1.22,1.43,0.0,29.03,-1.04,0.52,0.0,0.0,cst/hydride,1ee9274h_0007,1ee9
1ee9,1744,-1251.1,132.03,-24.28,58.15,0.62,0.62,80.0,293.0,73.0,22.75,-2.0,39.0,41.0,1.0,272.0,0.2,0.91,0.0,12.85,2.0,1.0,0.94,0.88,318.0,-6.37,2.42,-1.6,16.22,-11.36,0.64,7.0,0.0,319.0,-1.23,1.43,0.0,29.08,-1.08,0.49,0.0,0.0,cst/hydride,1ee9274h_0009,1ee9
1kol,63,-1566.73,147.23,-44.02,32.87,0.66,0.65,125.0,346.0,90.0,7.83,-6.0,38.0,44.0,0.99,93.0,-0.51,1.43,-0.48,0.84,2.0,2.0,0.39,0.34,397.0,-12.81,1.76,-2.75,15.59,-22.16,0.93,12.0,5.0,398.0,-2.13,1.21,-0.48,16.43,-0.8,0.87,1.0,0.0,cst/hydride,1kol94h_0001,1kol
1kol,207,-1564.56,148.25,-42.35,33.84,0.64,0.65,133.0,344.0,91.0,7.88,-5.0,38.0,43.0,0.99,93.0,-0.29,1.41,-0.52,1.14,1.0,2.0,0.78,0.87,397.0,-12.57,1.81,-2.72,15.78,-22.28,0.92,12.0,5.0,398.0,-1.84,1.44,-0.52,16.92,-0.82,0.83,1.0,0.0,cst/hydride,1kol94h_0002,1kol
1kol,359,-1564.26,148.18,-43.22,33.59,0.65,0.65,133.0,344.0,90.0,7.69,-6.0,38.0,44.0,0.99,93.0,-0.32,1.56,-0.47,1.19,1.0,2.0,0.77,0.58,397.0,-12.76,1.91,-2.85,15.61,-22.56,0.93,12.0,5.0,398.0,-1.81,1.5,-0.47,16.8,-0.65,0.88,1.0,0.0,cst/hydride,1kol94h_0003,1kol
1kol,385,-1570.39,144.49,-42.26,37.02,0.66,0.65,131.0,343.0,92.0,8.28,-4.0,38.0,42.0,0.99,336.0,-1.15,0.42,0.0,7.32,0.0,1.0,0.64,0.67,397.0,-13.11,2.2,-2.79,11.19,-23.81,0.93,12.0,4.0,398.0,-1.48,1.14,0.0,18.51,-0.54,0.85,0.0,0.0,cst/hydride,1kol337h_0004,1kol
1kol,407,-1565.86,147.13,-43.47,26.26,0.64,0.65,131.0,345.0,91.0,7.98,-4.0,38.0,42.0,0.99,339.0,1.52,1.97,-0.49,1.28,4.0,1.0,0.38,0.45,397.0,-13.23,2.04,-2.8,11.84,-23.71,0.92,12.0,5.0,398.0,-2.12,0.94,-0.49,13.13,-1.5,0.86,1.0,0.0,cst/hydride,1kol340h_0003,1kol
1kol,451,-1562.51,152.6,-47.62,65.06,0.64,0.63,135.0,346.0,92.0,7.83,-5.0,38.0,43.0,0.99,179.0,0.46,0.56,-0.12,20.46,2.0,0.0,0.28,0.67,397.0,-12.43,1.84,-2.77,12.07,-21.77,0.93,11.0,4.0,398.0,-1.33,2.34,-0.41,32.53,0.41,0.94,1.0,0.0,cst/hydride,1kol180h_0005,1kol
1kol,485,-1562.42,144.48,-47.32,62.54,0.63,0.62,131.0,347.0,96.0,7.96,-4.0,38.0,42.0,0.99,172.0,0.57,0.95,0.0,15.42,1.0,1.0,0.77,0.34,397.0,-13.19,1.78,-2.77,15.85,-23.42,0.92,12.0,4.0,398.0,-1.47,0.96,0.0,31.27,0.03,0.81,0.0,0.0,cst/hydride,1kol173h_0004,1kol
1kol,507,-1567.95,145.8,-43.79,33.02,0.65,0.62,131.0,346.0,95.0,7.52,-6.0,38.0,44.0,0.99,93.0,-1.11,1.22,-0.56,0.33,2.0,1.0,0.64,0.83,397.0,-13.49,1.42,-2.76,16.18,-23.18,0.93,12.0,5.0,398.0,-2.53,1.1,-0.56,16.51,-1.26,0.88,1.0,0.0,cst/hydride,1kol94h_0004,1kol
1kol,658,-1563.46,149.04,-44.88,33.71,0.64,0.62,136.0,345.0,94.0,7.83,-5.0,38.0,43.0,0.99,93.0,-0.34,1.42,-0.46,1.24,1.0,2.0,0.73,0.66,397.0,-12.03,1.84,-2.36,15.62,-21.1,0.93,11.0,6.0,398.0,-1.89,1.32,-0.46,16.86,-0.83,0.83,1.0,0.0,cst/hydride,1kol94h_0005,1kol
1kol,677,-1562.04,145.35,-44.21,33.84,0.61,0.64,133.0,344.0,94.0,8.59,-5.0,38.0,43.0,0.99,260.0,-1.31,0.72,0.0,2.26,2.0,1.0,0.45,0.72,397.0,-13.77,1.59,-2.88,14.65,-23.15,0.92,12.0,5.0,398.0,-1.81,1.0,0.0,16.92,0.78,0.87,1.0,0.0,cst/hydride,1kol261h_0006,1kol
1kol,711,-1567.55,147.12,-43.47,25.49,0.63,0.62,132.0,346.0,91.0,7.78,-4.0,38.0,42.0,0.99,339.0,1.49,1.94,-0.49,1.18,4.0,1.0,0.8,0.78,397.0,-13.18,1.96,-2.77,11.57,-23.52,0.92,12.0,5.0,398.0,-2.19,0.91,-0.49,12.75,-1.54,0.8,1.0,0.0,cst/hydride,1kol340h_0005,1kol
1kol,923,-1563.09,146.94,-42.92,33.06,0.63,0.63,129.0,345.0,89.0,8.38,-6.0,38.0,44.0,0.99,93.0,-0.25,1.61,-0.45,1.02,2.0,2.0,0.49,0.53,397.0,-12.87,1.71,-2.81,15.52,-22.19,0.93,12.0,5.0,398.0,-2.37,0.84,-0.45,16.53,-1.17,0.85,1.0,0.0,cst/hydride,1kol94h_0007,1kol
1kol,1060,-1565.43,149.44,-43.71,33.81,0.66,0.64,132.0,345.0,93.0,8.52,-6.0,38.0,44.0,0.99,93.0,-0.4,1.65,-0.46,1.29,1.0,2.0,0.9,0.78,397.0,-12.77,1.77,-2.78,15.61,-22.41,0.93,12.0,5.0,398.0,-1.8,1.58,-0.46,16.91,-0.48,0.84,1.0,0.0,cst/hydride,1kol94h_0008,1kol
1kol,1200,-1564.14,148.41,-43.1,33.16,0.66,0.64,134.0,344.0,91.0,7.83,-5.0,38.0,43.0,0.99,93.0,-0.58,1.48,-0.53,0.76,1.0,2.0,0.97,0.92,397.0,-12.5,1.77,-2.83,15.82,-21.93,0.93,12.0,5.0,398.0,-2.0,1.29,-0.53,16.58,-0.92,0.84,1.0,0.0,cst/hydride,1kol94h_0009,1kol
1lc3,51,-1162.74,112.23,-32.78,57.5,0.63,0.63,66.0,267.0,74.0,32.61,-9.0,34.0,43.0,0.98,18.0,-2.27,0.3,-1.05,0.33,4.0,0.0,0.52,0.7,293.0,-8.89,0.66,-1.02,28.42,-13.38,0.74,6.0,4.0,294.0,-2.85,0.77,-0.36,28.75,-1.3,0.99,1.0,0.0,cst/hydride,1lc319h_0001,1lc3
1lc3,188,-1163.64,111.24,-32.71,57.27,0.64,0.64,66.0,268.0,76.0,34.3,-9.0,34.0,43.0,0.98,18.0,-2.47,0.3,-1.03,0.25,4.0,0.0,0.8,0.71,293.0,-8.86,0.67,-1.0,28.39,-13.32,0.74,6.0,4.0,294.0,-2.81,0.76,-0.31,28.64,-1.22,0.99,1.0,0.0,cst/hydride,1lc319h_0002,1lc3
1lc3,350,-1165.33,112.43,-33.63,31.36,0.64,0.61,66.0,266.0,72.0,32.18,-7.0,35.0,42.0,0.99,95.0,-2.03,0.77,-0.84,0.97,3.0,1.0,0.74,0.81,293.0,-7.22,1.55,-1.07,14.71,-12.42,0.7,6.0,4.0,294.0,-1.48,1.6,-0.38,15.68,-0.95,0.8,1.0,0.0,cst/hydride,1lc396h_0003,1lc3
1lc3,491,-1163.63,112.62,-32.64,33.17,0.65,0.64,68.0,266.0,73.0,33.57,-8.0,35.0,43.0,0.99,95.0,-1.12,1.0,-0.66,0.92,4.0,1.0,0.95,0.88,293.0,-7.39,1.53,-1.08,15.66,-12.53,0.7,6.0,4.0,294.0,-0.63,1.76,-0.17,16.58,0.98,0.77,1.0,0.0,cst/hydride,1lc396h_0004,1lc3
1lc3,597,-1165.41,110.28,-31.54,57.95,0.67,0.65,67.0,266.0,76.0,36.3,-9.0,34.0,43.0,0.98,18.0,-2.57,0.36,-1.01,0.25,4.0,0.0,0.83,0.85,293.0,-8.91,0.59,-0.98,28.72,-13.43,0.74,6.0,4.0,294.0,-2.9,0.69,-0.31,28.98,-1.4,0.99,1.0,0.0,cst/hydride,1lc319h_0005,1lc3
1lc3,761,-1163.2,110.09,-31.92,30.94,0.64,0.64,69.0,265.0,70.0,32.77,-7.0,35.0,42.0,0.98,95.0,-1.63,0.48,-0.47,0.16,2.0,2.0,0.9,0.94,293.0,-7.36,1.39,-1.06,15.31,-12.37,0.7,6.0,4.0,294.0,-1.84,1.31,-0.47,15.47,-1.33,0.79,1.0,0.0,cst/hydride,1lc396h_0006,1lc3
1lc3,999,-1165.11,110.56,-31.63,57.37,0.64,0.65,65.0,266.0,75.0,32.98,-9.0,34.0,43.0,0.98,18.0,-2.46,0.4,-1.02,0.39,4.0,0.0,0.79,0.79,293.0,-8.91,0.57,-0.98,28.29,-13.42,0.73,6.0,4.0,294.0,-2.81,0.74,-0.29,28.69,-1.23,0.99,1.0,0.0,cst/hydride,1lc319h_0008,1lc3
1lc3,1124,-1165.33,110.23,-31.64,57.75,0.66,0.65,65.0,266.0,74.0,33.74,-9.0,34.0,43.0,0.98,18.0,-2.55,0.32,-1.01,0.29,4.0,0.0,0.91,0.83,293.0,-8.97,0.63,-0.99,28.58,-13.54,0.73,6.0,4.0,294.0,-2.86,0.72,-0.29,28.88,-1.32,0.99,1.0,0.0,cst/hydride,1lc319h_0009,1lc3
1lj8,74,-1890.66,197.61,-73.65,27.31,0.59,0.57,161.0,459.0,122.0,17.3,-22.0,43.0,65.0,0.99,186.0,-0.91,0.39,-1.31,1.53,3.0,1.0,0.62,0.48,482.0,-10.95,1.59,-1.22,12.12,-18.38,0.79,11.0,4.0,483.0,-2.49,0.6,-0.58,13.65,-1.47,0.75,1.0,0.0,cst/hydride,1lj8191h_0001,1lj8
1lj8,109,-1891.0,198.05,-71.49,22.47,0.57,0.58,161.0,456.0,122.0,17.89,-22.0,43.0,65.0,0.99,363.0,1.11,0.38,-0.4,0.12,3.0,0.0,0.76,0.79,482.0,-11.45,1.25,-1.29,11.11,-18.68,0.77,11.0,2.0,483.0,-2.74,0.15,-0.4,11.23,-1.26,0.79,1.0,0.0,cst/hydride,1lj8374h_0001,1lj8
1lj8,162,-1890.63,204.67,-68.66,47.48,0.6,0.59,158.0,457.0,120.0,17.75,-23.0,42.0,65.0,1.0,362.0,0.35,0.37,0.0,4.2,1.0,1.0,0.73,0.81,482.0,-11.14,1.85,-1.34,19.54,-19.16,0.81,11.0,3.0,483.0,-1.6,0.73,0.0,23.74,-0.07,0.67,0.0,0.0,cst/hydride,1lj8373h_0002,1lj8
1lj8,219,-1892.11,199.08,-73.92,27.17,0.61,0.59,161.0,459.0,123.0,17.57,-22.0,43.0,65.0,0.99,186.0,-0.85,0.73,-1.33,1.76,3.0,1.0,0.86,0.88,482.0,-11.03,1.56,-1.26,11.83,-18.61,0.78,11.0,4.0,483.0,-2.51,0.63,-0.61,13.58,-1.56,0.78,1.0,0.0,cst/hydride,1lj8191h_0002,1lj8
1lj8,275,-1892.96,202.76,-69.37,47.5,0.6,0.57,160.0,458.0,119.0,18.05,-23.0,42.0,65.0,1.0,362.0,0.32,0.37,0.0,4.39,1.0,1.0,0.2,0.17,482.0,-11.25,1.81,-1.36,19.36,-19.29,0.83,11.0,3.0,483.0,-1.66,0.7,0.0,23.75,-0.12,0.66,0.0,0.0,cst/hydride,1lj8373h_0003,1lj8
1lj8,444,-1890.1,201.59,-72.44,24.8,0.59,0.58,162.0,457.0,124.0,17.44,-22.0,43.0,65.0,0.99,226.0,-0.54,0.44,-0.63,1.19,3.0,0.0,0.68,0.52,482.0,-10.56,1.99,-1.19,11.21,-18.2,0.8,11.0,4.0,483.0,-2.23,0.84,-0.63,12.4,-1.54,0.81,1.0,0.0,cst/hydride,1lj8232h_0003,1lj8
1lj8,777,-1891.97,196.87,-71.57,22.5,0.58,0.58,159.0,457.0,124.0,17.93,-22.0,43.0,65.0,0.99,363.0,1.16,0.36,-0.48,0.13,3.0,0.0,0.6,0.57,482.0,-11.47,1.27,-1.26,11.12,-18.75,0.77,11.0,2.0,483.0,-2.83,0.17,-0.48,11.25,-1.47,0.8,1.0,0.0,cst/hydride,1lj8374h_0005,1lj8
1lj8,797,-1891.66,199.27,-73.7,27.67,0.57,0.58,161.0,458.0,123.0,17.66,-22.0,43.0,65.0,0.99,186.0,-0.71,0.75,-1.33,1.97,3.0,1.0,0.76,0.83,482.0,-10.87,1.69,-1.25,11.86,-18.57,0.78,11.0,4.0,483.0,-2.36,0.77,-0.61,13.83,-1.54,0.78,1.0,0.0,cst/hydride,1lj8191h_0006,1lj8
1lj8,946,-1898.84,196.88,-73.8,26.13,0.59,0.6,161.0,458.0,124.0,18.27,-22.0,43.0,65.0,0.99,295.0,-0.53,0.38,0.0,2.01,3.0,0.0,0.82,0.78,482.0,-11.45,1.2,-1.26,11.06,-18.52,0.8,11.0,4.0,483.0,-2.34,0.11,0.0,13.06,-0.31,0.78,0.0,0.0,cst/hydride,1lj8303h_0006,1lj8
1lj8,1273,-1891.37,199.03,-74.2,23.98,0.57,0.57,159.0,457.0,124.0,17.43,-22.0,43.0,65.0,0.99,226.0,-0.32,0.26,-0.6,0.8,3.0,0.0,0.2,0.24,482.0,-10.66,1.92,-1.24,11.19,-18.19,0.8,11.0,4.0,483.0,-2.29,0.73,-0.6,11.99,-1.46,0.81,1.0,0.0,cst/hydride,1lj8232h_0008,1lj8
1lj8,1451,-1890.75,200.03,-72.51,24.44,0.59,0.59,163.0,457.0,128.0,17.44,-22.0,43.0,65.0,0.99,226.0,-0.27,0.27,-0.61,0.77,3.0,0.0,0.14,0.12,482.0,-10.8,1.85,-1.26,11.45,-18.37,0.8,11.0,4.0,483.0,-2.37,0.68,-0.61,12.22,-1.51,0.83,1.0,0.0,cst/hydride,1lj8232h_0009,1lj8
1nnu,6,-871.6,102.38,-27.44,25.56,0.62,0.6,54.0,218.0,46.0,17.23,8.0,30.0,22.0,1.0,172.0,2.54,0.57,-0.18,0.62,3.0,1.0,0.58,0.46,230.0,-12.33,0.89,-2.33,12.16,-20.34,0.91,9.0,1.0,231.0,-3.25,0.33,-0.18,12.78,-2.16,0.94,1.0,0.0,cst/hydride,1nnu268h_0001,1nnu
1nnu,23,-872.57,103.72,-29.81,27.15,0.66,0.64,55.0,219.0,50.0,17.62,8.0,30.0,22.0,0.99,173.0,-0.83,1.22,-0.87,2.44,2.0,2.0,0.83,0.82,230.0,-12.23,1.39,-2.38,11.14,-20.8,0.88,9.0,1.0,231.0,-2.29,0.55,-0.23,13.58,-0.92,0.54,1.0,0.0,cst/hydride,1nnu269h_0001,1nnu
1nnu,99,-872.44,103.94,-27.35,25.78,0.61,0.6,56.0,218.0,46.0,16.78,8.0,30.0,22.0,1.0,172.0,2.37,0.54,-0.19,0.69,3.0,1.0,0.61,0.64,230.0,-12.34,0.88,-2.31,12.2,-20.38,0.91,9.0,1.0,231.0,-3.18,0.44,-0.19,12.89,-2.06,0.94,1.0,0.0,cst/hydride,1nnu268h_0002,1nnu
1nnu,519,-871.41,102.46,-27.47,25.97,0.59,0.61,54.0,218.0,46.0,16.83,8.0,30.0,22.0,1.0,172.0,2.43,0.56,-0.18,0.89,3.0,1.0,0.4,0.48,230.0,-12.37,0.84,-2.31,12.09,-20.46,0.91,9.0,1.0,231.0,-3.21,0.35,-0.18,12.99,-2.13,0.93,1.0,0.0,cst/hydride,1nnu268h_0007,1nnu
1nnu,594,-871.85,102.95,-27.51,25.59,0.62,0.6,56.0,218.0,46.0,16.23,8.0,30.0,22.0,1.0,172.0,2.32,0.58,-0.2,0.71,3.0,1.0,0.44,0.55,230.0,-12.28,0.91,-2.32,12.08,-20.41,0.91,9.0,1.0,231.0,-3.18,0.43,-0.2,12.79,-2.21,0.93,1.0,0.0,cst/hydride,1nnu268h_0008,1nnu
1nnu,682,-872.06,102.4,-27.4,25.74,0.61,0.59,55.0,218.0,46.0,16.79,8.0,30.0,22.0,1.0,172.0,2.18,0.57,-0.18,0.79,3.0,1.0,0.52,0.2,230.0,-12.44,0.8,-2.29,12.08,-20.6,0.9,9.0,1.0,231.0,-3.21,0.36,-0.18,12.87,-2.14,0.93,1.0,0.0,cst/hydride,1nnu268h_0009,1nnu
1nnu,762,-871.49,103.43,-28.62,23.2,0.6,0.62,54.0,218.0,48.0,16.58,8.0,30.0,22.0,0.99,181.0,-0.04,0.69,-0.42,0.55,2.0,1.0,0.7,0.71,230.0,-12.66,0.98,-2.37,11.05,-21.01,0.88,9.0,1.0,231.0,-2.58,0.4,-0.42,11.6,-0.85,0.62,1.0,0.0,cst/hydride,1nnu277h_0006,1nnu
1nnu,898,-874.05,105.19,-28.49,24.18,0.6,0.6,53.0,218.0,48.0,17.13,8.0,30.0,22.0,1.0,181.0,0.04,1.15,-0.44,1.09,2.0,1.0,0.71,0.68,230.0,-12.47,1.23,-2.36,11.0,-20.97,0.89,9.0,1.0,231.0,-2.37,0.65,-0.44,12.09,-0.77,0.65,1.0,0.0,cst/hydride,1nnu277h_0007,1nnu
1nnu,912,-872.44,102.76,-29.69,26.98,0.59,0.61,52.0,219.0,50.0,16.85,8.0,30.0,22.0,0.99,173.0,-0.97,1.1,-0.82,2.47,2.0,1.0,0.8,0.88,230.0,-12.27,1.34,-2.38,11.02,-20.96,0.88,9.0,1.0,231.0,-2.31,0.58,-0.2,13.49,-1.02,0.58,1.0,0.0,cst/hydride,1nnu269h_0009,1nnu
1nnu,1027,-872.0,103.24,-28.45,23.54,0.61,0.61,53.0,218.0,48.0,16.58,8.0,30.0,22.0,0.99,181.0,-0.1,0.61,-0.41,0.68,2.0,1.0,0.45,0.57,230.0,-12.52,1.08,-2.38,11.08,-20.79,0.88,9.0,1.0,231.0,-2.56,0.4,-0.41,11.77,-0.87,0.58,1.0,0.0,cst/hydride,1nnu277h_0008,1nnu
1nnu,1168,-871.96,106.68,-28.5,23.59,0.63,0.59,55.0,218.0,47.0,17.05,8.0,30.0,22.0,1.0,181.0,-0.02,1.07,-0.44,0.7,2.0,1.0,0.59,0.76,230.0,-12.42,1.09,-2.37,11.09,-20.65,0.89,9.0,1.0,231.0,-2.53,0.49,-0.44,11.79,-0.86,0.63,1.0,0.0,cst/hydride,1nnu277h_0009,1nnu
1o2d,36,-1371.7,145.81,-45.98,39.52,0.64,0.61,118.0,315.0,86.0,6.07,-6.0,47.0,53.0,1.0,144.0,0.22,0.36,0.0,8.15,0.0,3.0,0.95,0.95,349.0,-12.5,1.22,-4.15,11.62,-20.66,0.91,14.0,4.0,350.0,-2.93,0.22,0.0,19.76,-1.52,0.95,0.0,0.0,cst/hydride,1o2d147h_0001,1o2d
1o2d,70,-1373.84,142.45,-49.29,53.06,0.58,0.59,113.0,314.0,87.0,7.15,-6.0,47.0,53.0,0.99,325.0,1.72,0.23,0.0,10.65,1.0,1.0,0.35,0.34,349.0,-12.53,1.14,-4.53,15.88,-20.64,0.9,13.0,3.0,350.0,-3.54,0.14,-0.71,26.53,-2.67,0.9,1.0,0.0,cst/hydride,1o2d336h_0001,1o2d
1o2d,90,-1358.94,151.01,-49.29,62.47,0.63,0.62,113.0,318.0,82.0,5.68,-6.0,47.0,53.0,0.99,262.0,1.37,1.04,-0.19,12.12,2.0,1.0,0.86,0.83,349.0,-10.56,2.17,-4.51,19.12,-18.72,0.88,13.0,4.0,350.0,-1.89,1.39,-0.61,31.23,-1.37,0.76,1.0,0.0,cst/hydride,1o2d270h_0001,1o2d
1o2d,225,-1362.9,147.28,-48.24,24.24,0.6,0.6,107.0,320.0,84.0,6.5,-6.0,47.0,53.0,0.99,243.0,3.63,1.37,-0.37,0.01,4.0,0.0,0.53,0.62,349.0,-11.96,1.18,-4.35,12.11,-19.48,0.89,14.0,3.0,350.0,-2.89,0.11,-0.37,12.12,-1.34,0.91,1.0,0.0,cst/hydride,1o2d251h_0002,1o2d
1o2d,309,-1371.2,148.72,-49.22,39.42,0.63,0.62,114.0,319.0,83.0,6.14,-6.0,47.0,53.0,1.0,144.0,0.2,0.41,0.0,8.24,0.0,3.0,0.47,0.51,349.0,-12.88,1.33,-5.02,11.48,-21.43,0.9,15.0,4.0,350.0,-2.89,0.27,0.0,19.71,-1.46,0.95,0.0,0.0,cst/hydride,1o2d147h_0003,1o2d
1o2d,371,-1365.62,143.63,-46.98,22.89,0.63,0.61,109.0,313.0,87.0,5.68,-7.0,46.0,53.0,0.99,156.0,0.46,0.19,-0.57,0.01,1.0,1.0,0.65,0.78,349.0,-12.66,1.03,-4.45,11.43,-20.9,0.89,14.0,3.0,350.0,-3.09,0.37,-0.57,11.44,-1.76,0.92,1.0,0.0,cst/hydride,1o2d159h_0003,1o2d
1o2d,376,-1362.85,142.84,-46.44,22.14,0.6,0.61,106.0,315.0,85.0,6.32,-6.0,47.0,53.0,0.99,244.0,-0.55,0.26,-0.32,0.04,1.0,0.0,0.39,0.5,349.0,-13.18,0.98,-4.37,11.03,-21.97,0.91,14.0,4.0,350.0,-2.93,0.16,-0.32,11.07,-1.46,0.91,1.0,0.0,cst/hydride,1o2d252h_0003,1o2d
1o2d,381,-1359.42,147.87,-51.11,22.97,0.59,0.61,106.0,325.0,89.0,6.53,-7.0,47.0,54.0,0.99,243.0,4.8,1.61,-0.43,0.05,4.0,0.0,0.7,0.85,349.0,-12.39,1.16,-4.15,11.44,-20.48,0.9,13.0,4.0,350.0,-2.85,0.13,-0.43,11.49,-1.41,0.89,1.0,0.0,cst/hydride,1o2d251h_0003,1o2d
1o2d,532,-1362.27,145.76,-46.58,68.44,0.63,0.61,108.0,315.0,80.0,6.95,-7.0,46.0,53.0,0.99,252.0,0.37,1.27,0.0,20.19,2.0,0.0,0.44,0.64,349.0,-12.25,0.97,-4.11,14.03,-19.97,0.89,13.0,3.0,350.0,-3.1,0.09,-0.62,34.22,-1.67,0.83,2.0,0.0,cst/hydride,1o2d260h_0003,1o2d
1o2d,576,-1360.15,152.39,-46.92,34.14,0.6,0.59,109.0,314.0,84.0,6.26,-6.0,47.0,53.0,1.0,239.0,-0.44,1.87,0.0,5.13,2.0,1.0,0.69,0.83,349.0,-11.42,2.1,-4.27,11.94,-20.33,0.9,15.0,3.0,350.0,-1.78,1.29,0.0,17.07,-1.06,0.91,0.0,0.0,cst/hydride,1o2d247h_0005,1o2d
1o2d,713,-1362.05,145.91,-44.57,67.89,0.62,0.6,104.0,314.0,81.0,6.5,-7.0,46.0,53.0,0.99,252.0,0.75,1.29,0.0,20.08,2.0,0.0,0.27,0.33,349.0,-12.12,0.95,-4.17,13.87,-19.71,0.89,13.0,3.0,350.0,-2.71,0.1,-0.25,33.95,-0.9,0.8,1.0,0.0,cst/hydride,1o2d260h_0004,1o2d
1o2d,951,-1364.57,143.26,-46.94,24.25,0.62,0.6,111.0,314.0,85.0,6.71,-7.0,46.0,53.0,0.99,156.0,0.12,0.2,-0.57,0.0,1.0,0.0,0.79,0.91,349.0,-11.65,0.96,-3.79,12.12,-19.07,0.89,12.0,3.0,350.0,-3.36,0.15,-0.57,12.12,-2.48,0.92,1.0,0.0,cst/hydride,1o2d159h_0007,1o2d
1o2d,1077,-1370.96,147.61,-48.11,35.6,0.64,0.63,108.0,318.0,89.0,6.07,-6.0,47.0,53.0,1.0,239.0,-0.96,1.81,0.0,5.91,2.0,1.0,0.84,0.69,349.0,-11.59,2.27,-4.27,11.89,-21.18,0.91,15.0,1.0,350.0,-1.5,1.53,0.0,17.8,-1.0,0.94,0.0,0.0,cst/hydride,1o2d247h_0009,1o2d
1o2d,1080,-1358.58,145.87,-43.02,66.88,0.61,0.6,107.0,313.0,80.0,5.68,-7.0,46.0,53.0,0.99,252.0,0.86,1.29,0.0,19.09,2.0,0.0,0.54,0.33,349.0,-11.95,1.01,-3.6,14.35,-19.41,0.89,13.0,3.0,350.0,-2.77,0.13,-0.33,33.44,-1.05,0.81,1.0,0.0,cst/hydride,1o2d260h_0006,1o2d
1o2d,1081,-1367.96,143.79,-44.98,23.04,0.62,0.6,113.0,315.0,90.0,5.68,-7.0,46.0,53.0,0.99,156.0,0.26,0.2,-0.52,0.0,1.0,0.0,0.92,0.89,349.0,-11.67,0.87,-3.32,11.52,-18.91,0.89,12.0,3.0,350.0,-3.19,0.25,-0.52,11.52,-1.96,0.95,1.0,0.0,cst/hydride,1o2d159h_0008,1o2d
1o2d,1490,-1367.44,143.41,-49.14,67.63,0.59,0.62,105.0,318.0,86.0,6.95,-7.0,46.0,53.0,0.99,252.0,0.83,1.53,0.0,19.93,2.0,0.0,0.74,0.62,349.0,-12.39,0.96,-4.36,13.89,-20.25,0.89,14.0,3.0,350.0,-2.69,0.1,-0.25,33.81,-0.86,0.78,1.0,0.0,cst/hydride,1o2d260h_0008,1o2d
1oaa,19,-1041.12,89.37,-32.45,34.98,0.6,0.59,48.0,260.0,48.0,7.97,-1.0,25.0,26.0,1.0,157.0,0.41,0.64,0.0,2.26,2.0,1.0,0.74,0.71,260.0,-13.21,1.08,-4.94,15.23,-22.14,0.91,15.0,4.0,261.0,-2.61,0.22,0.0,17.49,-0.94,0.83,0.0,0.0,cst/hydride,1oaa159h_0001,1oaa
1oaa,150,-1039.8,90.32,-31.82,82.33,0.56,0.59,50.0,260.0,49.0,8.14,-1.0,25.0,26.0,1.0,258.0,-1.02,0.3,0.0,25.24,1.0,0.0,0.31,0.6,260.0,-13.19,0.87,-4.8,15.92,-21.98,0.9,15.0,4.0,261.0,-2.51,0.4,0.0,41.17,-0.61,0.76,0.0,0.0,cst/hydride,1oaa260h_0003,1oaa
1oaa,152,-1039.62,89.67,-32.49,35.24,0.58,0.56,48.0,263.0,49.0,7.97,-1.0,25.0,26.0,1.0,157.0,0.93,0.68,-0.17,1.23,3.0,1.0,0.83,0.71,260.0,-13.26,0.98,-4.91,16.39,-22.17,0.9,15.0,4.0,261.0,-2.87,0.16,-0.17,17.62,-1.39,0.86,1.0,0.0,cst/hydride,1oaa159h_0002,1oaa
1oaa,213,-1040.79,91.73,-33.18,26.9,0.61,0.57,52.0,259.0,50.0,8.3,-1.0,25.0,26.0,1.0,205.0,-2.57,0.61,-0.53,1.07,2.0,2.0,0.75,0.82,260.0,-12.48,1.88,-4.85,12.38,-22.08,0.9,15.0,5.0,261.0,-2.29,0.83,-0.53,13.45,-1.71,0.84,1.0,0.0,cst/hydride,1oaa207h_0002,1oaa
1oaa,249,-1040.58,89.87,-33.59,35.92,0.61,0.58,50.0,261.0,49.0,7.97,1.0,26.0,25.0,1.0,157.0,0.1,0.51,0.0,2.21,2.0,1.0,0.56,0.66,260.0,-13.13,1.12,-4.88,15.75,-22.04,0.9,15.0,4.0,261.0,-2.55,0.3,0.0,17.96,-0.89,0.86,0.0,0.0,cst/hydride,1oaa159h_0003,1oaa
1oaa,340,-1039.89,90.2,-31.99,81.7,0.61,0.59,52.0,260.0,49.0,7.97,-1.0,25.0,26.0,1.0,258.0,-0.7,0.3,0.0,24.85,1.0,0.0,0.35,0.36,260.0,-13.3,0.88,-4.87,16.0,-22.18,0.9,15.0,4.0,261.0,-2.53,0.4,0.0,40.85,-0.64,0.77,0.0,0.0,cst/hydride,1oaa260h_0006,1oaa
1oaa,472,-1039.76,89.53,-31.97,35.64,0.62,0.58,50.0,259.0,50.0,7.97,-1.0,25.0,26.0,1.0,157.0,0.53,0.58,0.0,2.19,2.0,1.0,0.58,0.65,260.0,-13.21,1.05,-4.9,15.63,-22.08,0.9,15.0,4.0,261.0,-2.65,0.2,0.0,17.82,-0.95,0.86,0.0,0.0,cst/hydride,1oaa159h_0005,1oaa
1oaa,544,-1039.97,90.68,-31.93,82.61,0.58,0.58,51.0,259.0,48.0,8.14,-1.0,25.0,26.0,1.0,258.0,-1.05,0.26,0.0,25.43,1.0,0.0,0.75,0.63,260.0,-13.35,0.93,-4.89,15.87,-22.28,0.9,15.0,4.0,261.0,-2.5,0.39,0.0,41.3,-0.6,0.77,0.0,0.0,cst/hydride,1oaa260h_0009,1oaa
1oaa,578,-1041.79,89.77,-34.66,35.82,0.6,0.56,51.0,262.0,48.0,7.97,1.0,26.0,25.0,1.0,157.0,-0.21,0.54,-0.54,2.4,3.0,1.0,0.67,0.6,260.0,-13.23,1.08,-4.89,15.51,-22.19,0.91,15.0,4.0,261.0,-2.62,0.23,0.0,17.91,-0.96,0.83,0.0,0.0,cst/hydride,1oaa159h_0006,1oaa
1oaa,662,-1039.68,92.1,-33.05,27.07,0.59,0.58,52.0,259.0,52.0,8.47,-1.0,25.0,26.0,1.0,205.0,-2.53,0.62,-0.54,1.17,3.0,1.0,0.42,0.43,260.0,-12.39,1.98,-4.84,12.36,-22.09,0.9,15.0,5.0,261.0,-2.23,0.92,-0.54,13.53,-1.78,0.8,1.0,0.0,cst/hydride,1oaa207h_0005,1oaa
1oaa,685,-1039.91,89.29,-32.35,35.14,0.57,0.58,48.0,261.0,51.0,8.1,-1.0,25.0,26.0,1.0,157.0,0.65,0.61,-0.12,1.31,3.0,1.0,0.73,0.81,260.0,-13.24,1.06,-4.89,16.26,-22.13,0.9,15.0,4.0,261.0,-2.85,0.11,-0.12,17.57,-1.36,0.84,1.0,0.0,cst/hydride,1oaa159h_0007,1oaa
1oaa,746,-1039.31,90.82,-34.75,30.49,0.6,0.6,53.0,258.0,54.0,6.98,-2.0,25.0,27.0,1.0,103.0,-1.57,0.73,0.0,2.94,0.0,1.0,0.35,0.45,260.0,-13.59,1.02,-5.09,12.31,-22.71,0.9,15.0,5.0,261.0,-2.65,0.11,0.0,15.24,-0.83,0.89,0.0,0.0,cst/hydride,1oaa105h_0006,1oaa
1oaa,786,-1040.54,89.43,-33.75,34.76,0.61,0.6,50.0,262.0,49.0,7.97,1.0,26.0,25.0,1.0,157.0,0.96,0.66,-0.06,1.73,3.0,1.0,0.7,0.29,260.0,-13.27,1.04,-4.91,15.65,-22.14,0.9,15.0,4.0,261.0,-2.73,0.15,-0.06,17.38,-1.05,0.85,1.0,0.0,cst/hydride,1oaa159h_0008,1oaa
1oaa,805,-1039.39,92.06,-32.85,27.25,0.58,0.59,48.0,260.0,50.0,8.46,-1.0,25.0,26.0,1.0,205.0,-2.13,0.72,-0.55,1.3,3.0,1.0,0.65,0.61,260.0,-12.31,1.9,-4.76,12.33,-21.81,0.9,15.0,5.0,261.0,-2.3,0.86,-0.55,13.63,-1.79,0.8,1.0,0.0,cst/hydride,1oaa207h_0006,1oaa
1oaa,895,-1039.78,89.34,-32.27,34.41,0.57,0.58,49.0,261.0,50.0,7.97,-1.0,25.0,26.0,1.0,157.0,0.66,0.63,-0.02,1.81,3.0,1.0,0.5,0.42,260.0,-13.27,1.09,-4.94,15.39,-22.2,0.9,15.0,4.0,261.0,-2.69,0.17,-0.02,17.2,-1.04,0.85,1.0,0.0,cst/hydride,1oaa159h_0009,1oaa
1oaa,935,-1040.93,91.83,-33.39,27.09,0.59,0.59,49.0,262.0,51.0,8.47,-1.0,25.0,26.0,1.0,205.0,-2.53,0.71,-0.56,1.24,3.0,1.0,0.46,0.56,260.0,-12.64,1.77,-4.92,12.31,-22.35,0.89,15.0,5.0,261.0,-2.36,0.8,-0.56,13.55,-1.8,0.8,1.0,0.0,cst/hydride,1oaa207h_0007,1oaa
1oaa,1069,-1039.31,91.42,-33.2,27.02,0.62,0.61,52.0,258.0,48.0,8.53,-1.0,25.0,26.0,1.0,205.0,-2.28,0.6,-0.55,1.15,2.0,2.0,0.68,0.54,260.0,-12.48,1.86,-4.86,12.35,-22.2,0.9,15.0,5.0,261.0,-2.26,0.88,-0.55,13.51,-1.74,0.83,1.0,0.0,cst/hydride,1oaa207h_0008,1oaa
1oaa,1216,-1042.0,91.72,-33.67,26.83,0.6,0.58,50.0,260.0,49.0,8.3,-1.0,25.0,26.0,1.0,205.0,-2.46,0.69,-0.57,1.05,3.0,1.0,0.86,0.71,260.0,-12.79,1.71,-4.96,12.37,-22.57,0.9,15.0,5.0,261.0,-2.42,0.77,-0.57,13.41,-1.82,0.81,1.0,0.0,cst/hydride,1oaa207h_0009,1oaa
1sny,983,-874.54,118.91,-26.39,92.13,0.56,0.57,62.0,225.0,47.0,7.3,4.0,24.0,20.0,1.0,8.0,7.38,4.18,-0.52,27.85,2.0,1.0,0.84,0.79,242.0,-5.1,7.36,-3.7,18.21,-15.37,0.84,15.0,3.0,243.0,2.32,4.28,0.0,46.07,-0.52,0.68,0.0,0.0,cst/hydride,1sny9h_0007,1sny
1vlj,405,-1610.04,174.07,-55.69,44.97,0.66,0.65,106.0,378.0,98.0,4.81,-2.0,51.0,53.0,0.98,75.0,1.52,1.43,0.0,7.51,0.0,1.0,0.8,0.86,399.0,-10.47,1.94,-2.89,14.97,-17.62,0.85,13.0,3.0,400.0,-2.39,0.85,-0.55,22.49,-1.46,0.7,1.0,0.0,cst/hydride,1vlj72h_0003,1vlj
1vlj,719,-1612.18,172.04,-52.79,57.42,0.64,0.65,106.0,378.0,93.0,4.88,-1.0,51.0,52.0,0.98,75.0,0.76,1.2,0.0,12.58,0.0,2.0,0.78,0.77,399.0,-11.14,2.14,-2.84,16.13,-19.33,0.85,14.0,1.0,400.0,-2.27,1.26,-0.63,28.71,-1.59,0.73,1.0,0.0,cst/hydride,1vlj72h_0005,1vlj
1vlj,1018,-1611.57,170.41,-54.22,42.45,0.67,0.64,108.0,376.0,94.0,4.88,-1.0,51.0,52.0,0.98,75.0,1.32,1.38,0.0,5.72,0.0,1.0,0.63,0.59,399.0,-10.22,2.16,-2.88,15.51,-17.85,0.85,13.0,2.0,400.0,-2.31,1.13,-0.62,21.23,-2.04,0.72,1.0,0.0,cst/hydride,1vlj72h_0007,1vlj
1yjq,55,-1186.44,121.28,-39.83,23.02,0.65,0.62,83.0,289.0,78.0,1.45,-12.0,23.0,35.0,0.99,120.0,-2.11,0.62,-0.43,0.36,2.0,1.0,0.92,0.96,294.0,-10.61,1.05,-1.99,11.15,-16.84,0.74,10.0,3.0,295.0,-2.82,0.57,-0.43,11.51,-1.25,0.84,1.0,0.0,cst/hydride,1yjq120h_0001,1yjq
1yjq,283,-1183.19,119.68,-37.61,30.45,0.66,0.64,83.0,285.0,80.0,1.54,-12.0,23.0,35.0,0.99,137.0,-1.02,0.43,0.0,3.15,2.0,0.0,0.98,0.97,294.0,-10.76,0.91,-2.04,12.08,-16.9,0.74,10.0,3.0,295.0,-2.92,0.17,0.0,15.22,-1.23,0.87,0.0,0.0,cst/hydride,1yjq137h_0002,1yjq
1yjq,452,-1183.63,118.67,-37.63,30.04,0.67,0.66,80.0,285.0,79.0,1.25,-12.0,23.0,35.0,0.99,137.0,-1.48,0.45,0.0,2.96,2.0,1.0,0.87,0.9,294.0,-10.74,0.86,-2.01,12.06,-16.91,0.73,10.0,3.0,295.0,-2.97,0.14,0.0,15.02,-1.36,0.84,0.0,0.0,cst/hydride,1yjq137h_0003,1yjq
1yjq,495,-1185.65,121.63,-39.66,22.87,0.64,0.64,79.0,289.0,77.0,1.45,-12.0,23.0,35.0,0.99,120.0,-2.08,0.65,-0.42,0.37,2.0,1.0,0.69,0.83,294.0,-10.53,1.05,-1.98,11.07,-16.75,0.74,10.0,3.0,295.0,-2.61,0.71,-0.42,11.44,-0.9,0.83,1.0,0.0,cst/hydride,1yjq120h_0004,1yjq
1yjq,603,-1183.68,121.49,-41.72,26.45,0.67,0.66,80.0,290.0,82.0,1.52,-12.0,23.0,35.0,0.99,11.0,-1.12,0.95,-0.58,0.54,3.0,1.0,0.66,0.51,294.0,-10.13,1.57,-2.07,12.68,-16.6,0.74,10.0,3.0,295.0,-2.65,0.98,-0.58,13.22,-1.64,0.81,1.0,0.0,cst/hydride,1yjq11h_0004,1yjq
1yjq,632,-1182.27,119.72,-37.29,29.82,0.66,0.63,82.0,285.0,80.0,1.85,-12.0,23.0,35.0,0.99,137.0,-1.21,0.49,0.0,3.07,2.0,1.0,0.76,0.66,294.0,-10.64,0.88,-1.97,11.85,-16.67,0.74,10.0,3.0,295.0,-2.94,0.16,0.0,14.91,-1.29,0.87,0.0,0.0,cst/hydride,1yjq137h_0004,1yjq
1yjq,773,-1182.47,121.46,-40.89,26.26,0.65,0.65,83.0,289.0,83.0,1.85,-12.0,23.0,35.0,0.99,11.0,-0.96,1.01,-0.58,0.56,3.0,1.0,0.75,0.64,294.0,-10.28,1.4,-2.06,12.57,-16.7,0.74,10.0,3.0,295.0,-2.79,0.82,-0.58,13.13,-1.72,0.81,1.0,0.0,cst/hydride,1yjq11h_0005,1yjq
1yjq,907,-1186.38,121.51,-39.72,22.91,0.66,0.65,82.0,288.0,77.0,1.45,-12.0,23.0,35.0,0.99,120.0,-2.19,0.61,-0.43,0.35,2.0,1.0,0.88,0.93,294.0,-10.52,0.98,-1.98,11.1,-16.65,0.74,10.0,3.0,295.0,-2.67,0.65,-0.43,11.45,-0.96,0.86,1.0,0.0,cst/hydride,1yjq120h_0007,1yjq
1yjq,962,-1183.09,119.18,-37.64,29.16,0.64,0.62,81.0,285.0,79.0,1.24,-12.0,23.0,35.0,0.99,137.0,-1.06,0.48,0.0,2.9,2.0,1.0,0.97,0.91,294.0,-10.59,0.9,-2.01,11.68,-16.63,0.74,10.0,3.0,295.0,-2.93,0.17,0.0,14.58,-1.33,0.84,0.0,0.0,cst/hydride,1yjq137h_0006,1yjq
1yjq,1125,-1183.7,118.92,-37.63,33.36,0.63,0.65,82.0,285.0,80.0,1.85,-12.0,23.0,35.0,0.99,137.0,-1.99,0.33,0.0,4.13,2.0,0.0,0.81,0.68,294.0,-10.82,0.86,-2.06,12.55,-17.01,0.74,10.0,3.0,295.0,-2.92,0.16,0.0,16.68,-1.22,0.85,0.0,0.0,cst/hydride,1yjq137h_0007,1yjq
1yjq,1265,-1183.23,121.62,-40.87,26.42,0.64,0.63,79.0,289.0,81.0,1.82,-12.0,23.0,35.0,0.99,11.0,-1.09,1.04,-0.57,0.71,3.0,1.0,0.62,0.43,294.0,-10.01,1.58,-2.04,12.5,-16.35,0.74,10.0,3.0,295.0,-2.64,0.96,-0.57,13.21,-1.63,0.8,1.0,0.0,cst/hydride,1yjq11h_0008,1yjq
1yjq,1290,-1183.4,118.98,-37.44,29.6,0.67,0.65,82.0,285.0,80.0,1.45,-12.0,23.0,35.0,0.99,137.0,-0.95,0.4,0.0,2.66,2.0,1.0,0.91,0.88,294.0,-10.65,0.88,-1.95,12.15,-16.68,0.74,10.0,3.0,295.0,-2.98,0.11,0.0,14.8,-1.35,0.83,0.0,0.0,cst/hydride,1yjq137h_0008,1yjq
1yjq,1472,-1183.87,119.21,-37.53,30.96,0.65,0.66,81.0,286.0,79.0,1.45,-12.0,23.0,35.0,0.99,137.0,-1.25,0.41,0.0,3.11,2.0,0.0,0.9,0.89,294.0,-10.71,0.83,-2.02,12.37,-16.79,0.74,10.0,3.0,295.0,-2.94,0.13,0.0,15.48,-1.25,0.85,0.0,0.0,cst/hydride,1yjq137h_0009,1yjq
2ag8,40,-904.7,86.54,-19.6,24.42,0.56,0.55,60.0,215.0,35.0,23.2,0.0,32.0,32.0,0.99,108.0,9.34,2.32,-1.06,0.87,4.0,1.0,0.97,0.7,255.0,-6.04,1.63,-0.4,11.34,-8.88,0.66,3.0,3.0,256.0,-1.28,1.53,-0.42,12.21,0.65,0.81,1.0,0.0,cst/hydride,2ag8112h_0001,2ag8
2ag8,56,-902.98,88.88,-17.39,77.14,0.55,0.55,67.0,213.0,37.0,23.13,0.0,32.0,32.0,1.0,118.0,0.75,0.91,0.0,27.42,2.0,1.0,0.9,0.82,255.0,-5.45,1.42,-0.41,11.15,-7.23,0.67,2.0,4.0,256.0,-0.76,1.79,0.0,38.57,2.15,0.77,0.0,0.0,cst/hydride,2ag8122h_0001,2ag8
2ag8,246,-906.11,81.51,-18.95,33.88,0.58,0.56,57.0,215.0,35.0,23.0,0.0,32.0,32.0,1.0,247.0,-0.15,0.36,0.0,3.4,1.0,0.0,0.47,0.72,255.0,-6.38,1.25,-0.43,13.54,-8.95,0.67,3.0,3.0,256.0,-2.65,0.46,-0.59,16.94,-1.51,0.63,1.0,0.0,cst/hydride,2ag8255h_0003,2ag8
2ag8,434,-904.31,86.67,-19.91,25.74,0.56,0.53,57.0,214.0,35.0,23.51,0.0,32.0,32.0,1.0,108.0,9.46,2.56,-1.1,1.66,4.0,0.0,0.83,0.72,255.0,-6.24,1.74,-0.42,11.21,-9.45,0.66,3.0,3.0,256.0,-1.0,1.85,-0.47,12.87,1.02,0.82,1.0,0.0,cst/hydride,2ag8112h_0004,2ag8
2ag8,581,-909.3,82.52,-18.14,33.03,0.56,0.57,55.0,214.0,35.0,22.83,0.0,32.0,32.0,1.0,247.0,0.21,0.42,0.0,3.33,1.0,0.0,0.87,0.92,255.0,-6.85,1.19,-0.43,13.18,-9.73,0.66,3.0,3.0,256.0,-2.75,0.39,-0.59,16.52,-1.54,0.61,1.0,0.0,cst/hydride,2ag8255h_0006,2ag8
2ag8,901,-911.61,81.68,-18.36,32.71,0.54,0.57,59.0,212.0,35.0,22.35,0.0,32.0,32.0,1.0,247.0,0.02,0.43,0.0,2.87,1.0,0.0,0.82,0.9,255.0,-6.88,1.18,-0.44,13.48,-9.75,0.67,3.0,3.0,256.0,-2.81,0.34,-0.6,16.36,-1.6,0.62,1.0,0.0,cst/hydride,2ag8255h_0009,2ag8
2ag8,915,-904.63,82.46,-17.49,34.48,0.55,0.53,59.0,216.0,34.0,24.59,0.0,32.0,32.0,1.0,87.0,-1.61,0.78,-0.24,3.06,1.0,2.0,0.16,0.25,255.0,-5.83,1.46,-0.38,14.18,-7.35,0.66,1.0,4.0,256.0,-2.48,0.32,-0.24,17.24,-0.65,0.39,1.0,0.0,cst/hydride,2ag890h_0009,2ag8
2ag8,1015,-904.81,80.98,-18.76,30.89,0.55,0.54,57.0,215.0,36.0,23.17,0.0,32.0,32.0,1.0,151.0,5.06,0.56,-0.18,1.6,1.0,1.0,0.41,0.23,255.0,-5.99,1.09,-0.44,13.84,-8.08,0.65,3.0,3.0,256.0,-2.63,0.68,-0.76,15.44,-1.37,0.61,2.0,0.0,cst/hydride,2ag8158h_0009,2ag8
2ag8,1144,-903.56,88.68,-17.81,75.36,0.55,0.51,64.0,213.0,38.0,22.7,0.0,32.0,32.0,1.0,118.0,0.92,1.07,0.0,26.43,2.0,0.0,0.73,0.86,255.0,-6.18,1.2,-0.44,11.25,-8.75,0.66,3.0,3.0,256.0,-0.42,2.14,0.0,37.68,2.78,0.79,0.0,0.0,cst/hydride,2ag8122h_0009,2ag8
2azn,293,-806.62,77.59,-22.4,60.34,0.67,0.65,64.0,187.0,41.0,43.92,5.0,39.0,34.0,0.99,145.0,-0.31,0.79,-0.53,5.38,2.0,1.0,0.85,0.81,215.0,-9.56,1.52,-1.5,24.79,-16.06,0.8,12.0,1.0,216.0,-2.16,0.73,-0.48,30.17,-1.24,0.55,1.0,0.0,cst/hydride,2azn154h_0002,2azn
2azn,787,-817.16,79.82,-21.22,49.89,0.65,0.65,67.0,186.0,45.0,44.08,5.0,39.0,34.0,1.0,54.0,0.97,0.41,0.0,10.32,1.0,0.0,0.44,0.47,215.0,-9.18,1.0,-0.66,14.63,-14.34,0.8,10.0,1.0,216.0,-2.09,0.34,0.0,24.94,-0.15,0.43,0.0,0.0,cst/hydride,2azn61h_0002,2azn
2azn,852,-813.47,79.29,-22.27,25.04,0.64,0.63,59.0,189.0,43.0,45.18,4.0,39.0,35.0,1.0,24.0,1.2,0.17,-0.4,0.1,2.0,0.0,0.84,0.86,215.0,-9.28,0.87,-0.76,12.42,-14.11,0.8,11.0,1.0,216.0,-2.66,0.13,-0.4,12.52,-0.86,0.36,1.0,0.0,cst/hydride,2azn30h_0004,2azn
2azn,1132,-807.96,78.17,-21.04,35.34,0.64,0.64,68.0,185.0,44.0,40.23,4.0,39.0,35.0,1.0,56.0,4.57,0.43,0.0,4.48,0.0,1.0,0.96,0.82,215.0,-9.26,0.76,-0.47,13.19,-14.16,0.81,10.0,1.0,216.0,-2.19,0.1,0.0,17.67,-0.03,0.49,0.0,0.0,cst/hydride,2azn63h_0004,2azn
2azn,1223,-813.82,78.87,-22.11,46.03,0.65,0.65,63.0,188.0,42.0,42.13,5.0,39.0,34.0,1.0,54.0,1.94,0.54,0.0,6.43,1.0,0.0,0.53,0.51,215.0,-9.58,0.81,-1.03,16.59,-14.67,0.81,11.0,1.0,216.0,-2.2,0.25,0.0,23.02,0.1,0.42,0.0,0.0,cst/hydride,2azn61h_0008,2azn
2azn,1258,-814.06,79.88,-23.86,24.87,0.66,0.64,60.0,190.0,44.0,44.29,4.0,39.0,35.0,1.0,24.0,1.41,0.16,-0.4,0.07,2.0,1.0,0.53,0.75,215.0,-10.06,0.88,-1.46,12.36,-15.63,0.8,12.0,1.0,216.0,-2.67,0.11,-0.4,12.44,-0.87,0.35,1.0,0.0,cst/hydride,2azn30h_0009,2azn
2azn,1301,-810.17,81.03,-20.45,47.27,0.65,0.63,68.0,186.0,42.0,42.45,5.0,39.0,34.0,1.0,54.0,3.52,0.47,0.0,7.21,1.0,0.0,0.59,0.51,215.0,-7.85,1.51,-0.35,16.43,-11.93,0.81,9.0,1.0,216.0,-1.76,0.73,0.0,23.64,0.25,0.47,0.0,0.0,cst/hydride,2azn61h_0009,2azn
2azn,1379,-809.74,79.5,-21.31,33.51,0.64,0.62,69.0,185.0,44.0,41.91,4.0,39.0,35.0,1.0,56.0,4.15,0.41,0.0,2.91,0.0,1.0,0.77,0.79,215.0,-9.55,0.8,-0.71,13.85,-14.74,0.81,10.0,1.0,216.0,-2.19,0.12,0.0,16.76,-0.02,0.49,0.0,0.0,cst/hydride,2azn63h_0006,2azn
2d2i,893,-1308.75,128.86,-42.82,23.24,0.66,0.65,85.0,318.0,68.0,4.73,-4.0,35.0,39.0,0.99,13.0,-2.05,0.9,-0.6,0.54,3.0,1.0,0.89,0.95,339.0,-9.1,1.21,-1.8,11.08,-14.57,0.69,7.0,4.0,340.0,-2.77,0.69,-0.6,11.62,-1.91,0.82,1.0,0.0,cst/hydride,2d2i13h_0001,2d2i
2d2i,963,-1309.19,129.53,-40.51,34.74,0.67,0.64,87.0,317.0,74.0,4.73,-3.0,36.0,39.0,0.99,158.0,1.4,0.49,0.0,4.67,1.0,2.0,0.6,0.5,339.0,-9.85,0.95,-1.72,12.7,-15.33,0.69,7.0,3.0,340.0,-2.74,0.23,0.0,17.37,-1.09,0.93,0.0,0.0,cst/hydride,2d2i158h_0001,2d2i
2d2i,1092,-1310.03,132.83,-45.17,35.35,0.67,0.66,83.0,324.0,73.0,4.91,-3.0,35.0,38.0,0.99,12.0,1.33,0.95,-0.41,0.26,3.0,0.0,0.74,0.88,339.0,-7.62,1.29,-1.28,17.42,-12.32,0.7,6.0,3.0,340.0,-2.39,0.61,-0.41,17.68,-1.85,0.8,1.0,0.0,cst/hydride,2d2i12h_0003,2d2i
2d2i,1296,-1309.34,128.34,-41.97,23.47,0.68,0.67,90.0,319.0,72.0,4.78,-3.0,36.0,39.0,0.99,122.0,-0.48,0.55,-0.56,0.25,2.0,2.0,0.31,0.55,339.0,-9.62,0.9,-1.78,11.49,-14.81,0.7,7.0,4.0,340.0,-3.35,0.16,-0.56,11.74,-2.28,0.88,1.0,0.0,cst/hydride,2d2i122h_0004,2d2i
2d2i,1306,-1311.02,129.9,-42.52,34.33,0.65,0.66,82.0,317.0,73.0,4.62,-3.0,36.0,39.0,0.99,158.0,0.26,0.51,0.0,4.26,1.0,1.0,0.85,0.69,339.0,-9.91,0.94,-1.72,12.91,-15.41,0.69,7.0,3.0,340.0,-2.7,0.28,0.0,17.17,-0.99,0.95,0.0,0.0,cst/hydride,2d2i158h_0003,2d2i
2d2i,1431,-1308.54,131.77,-39.93,35.42,0.67,0.67,82.0,319.0,70.0,4.53,-3.0,35.0,38.0,0.99,319.0,2.14,0.38,0.0,4.95,2.0,0.0,0.48,0.74,339.0,-8.18,1.38,-1.29,12.75,-13.31,0.69,6.0,2.0,340.0,-1.98,0.73,0.0,17.71,-0.91,0.85,0.0,0.0,cst/hydride,2d2i319h_0004,2d2i
2d2i,1492,-1311.32,130.18,-42.58,33.7,0.67,0.66,81.0,317.0,74.0,4.72,-3.0,36.0,39.0,0.99,158.0,0.28,0.48,0.0,3.43,1.0,1.0,0.79,0.52,339.0,-9.86,1.03,-1.72,13.42,-15.3,0.69,7.0,3.0,340.0,-2.64,0.29,0.0,16.85,-0.87,0.95,0.0,0.0,cst/hydride,2d2i158h_0004,2d2i
2d2i,1590,-1308.16,133.17,-40.89,37.54,0.66,0.67,84.0,316.0,72.0,4.52,-2.0,36.0,38.0,1.0,319.0,0.61,0.8,0.0,5.61,2.0,0.0,0.85,0.85,339.0,-7.4,1.87,-1.27,13.16,-12.88,0.7,6.0,3.0,340.0,-1.35,1.27,0.0,18.77,-0.77,0.83,0.0,0.0,cst/hydride,2d2i319h_0005,2d2i
2d2i,1678,-1310.64,129.54,-41.34,33.67,0.66,0.65,84.0,318.0,71.0,4.73,-3.0,36.0,39.0,0.99,158.0,0.39,0.43,0.0,4.03,1.0,1.0,0.89,0.94,339.0,-9.92,0.9,-1.73,12.8,-15.45,0.69,7.0,3.0,340.0,-2.77,0.18,0.0,16.84,-1.14,0.95,0.0,0.0,cst/hydride,2d2i158h_0005,2d2i
2d2i,1773,-1308.96,133.1,-43.27,35.97,0.68,0.68,86.0,318.0,71.0,5.55,-3.0,35.0,38.0,0.99,12.0,1.47,0.99,-0.45,0.35,3.0,0.0,0.8,0.67,339.0,-7.78,1.19,-1.29,17.63,-12.4,0.7,6.0,3.0,340.0,-2.58,0.5,-0.45,17.99,-2.0,0.8,1.0,0.0,cst/hydride,2d2i12h_0008,2d2i
2d2i,1880,-1308.57,129.03,-40.76,32.88,0.66,0.65,86.0,317.0,70.0,4.73,-3.0,36.0,39.0,0.99,158.0,0.45,0.43,0.0,3.29,1.0,1.0,0.57,0.68,339.0,-9.9,0.91,-1.72,13.15,-15.37,0.7,7.0,3.0,340.0,-2.63,0.32,0.0,16.44,-0.83,0.95,0.0,0.0,cst/hydride,2d2i158h_0006,2d2i
2d2i,2103,-1310.54,129.39,-41.0,32.64,0.68,0.67,85.0,317.0,73.0,4.62,-3.0,36.0,39.0,0.99,158.0,0.0,0.45,0.0,2.69,1.0,2.0,0.97,0.97,339.0,-9.91,0.9,-1.73,13.63,-15.41,0.7,7.0,3.0,340.0,-2.63,0.3,0.0,16.32,-0.83,0.96,0.0,0.0,cst/hydride,2d2i158h_0007,2d2i
2d2i,2175,-1308.46,129.29,-42.76,23.27,0.65,0.66,84.0,320.0,68.0,4.61,-3.0,36.0,39.0,0.99,13.0,-2.04,0.93,-0.6,0.54,3.0,1.0,0.62,0.46,339.0,-9.32,1.18,-1.79,11.09,-14.84,0.68,7.0,4.0,340.0,-2.91,0.56,-0.6,11.63,-2.01,0.82,1.0,0.0,cst/hydride,2d2i13h_0008,2d2i
2dbq,1063,-1277.81,134.33,-35.42,23.66,0.66,0.62,87.0,294.0,80.0,77.67,1.0,53.0,52.0,0.99,50.0,-0.27,0.32,-0.35,0.46,1.0,0.0,0.71,0.7,328.0,-9.93,1.46,-0.82,11.37,-16.13,0.81,5.0,4.0,329.0,-2.53,0.46,-0.35,11.83,-1.32,0.7,1.0,0.0,cst/hydride,2dbq53h_0001,2dbq
2dbq,1193,-1281.73,132.19,-34.01,22.12,0.67,0.66,90.0,293.0,81.0,77.84,1.0,53.0,52.0,0.99,50.0,-2.35,0.5,-0.52,0.01,5.0,0.0,0.63,0.73,328.0,-10.32,1.07,-0.82,11.05,-16.2,0.81,5.0,4.0,329.0,-2.56,0.06,-0.09,11.06,-0.68,0.69,1.0,0.0,cst/hydride,2dbq53h_0002,2dbq
2dbq,1280,-1282.52,133.06,-36.1,29.05,0.65,0.64,92.0,293.0,80.0,78.4,1.0,53.0,52.0,0.99,287.0,-1.55,0.11,-0.52,3.45,2.0,0.0,0.82,0.57,328.0,-10.16,1.37,-0.83,11.08,-16.6,0.82,5.0,4.0,329.0,-2.19,0.41,0.0,14.52,-0.65,0.85,0.0,0.0,cst/hydride,2dbq292h_0004,2dbq
2dbq,1372,-1281.11,134.5,-36.01,29.24,0.64,0.65,94.0,294.0,78.0,78.4,1.0,53.0,52.0,0.99,287.0,-1.56,0.16,-0.55,3.56,2.0,0.0,0.62,0.52,328.0,-9.94,1.5,-0.84,11.06,-16.38,0.81,5.0,4.0,329.0,-2.08,0.53,0.0,14.62,-0.66,0.84,0.0,0.0,cst/hydride,2dbq292h_0005,2dbq
2dbq,1471,-1277.91,133.08,-38.52,30.66,0.63,0.63,92.0,295.0,80.0,78.82,2.0,54.0,52.0,0.99,97.0,-0.24,0.6,-0.9,1.9,2.0,2.0,0.66,0.77,328.0,-9.7,1.61,-0.87,13.43,-16.52,0.82,5.0,4.0,329.0,-2.47,0.86,-0.57,15.33,-2.06,0.74,1.0,0.0,cst/hydride,2dbq100h_0004,2dbq
2dbq,1764,-1279.05,137.47,-36.87,25.31,0.62,0.64,88.0,296.0,80.0,78.13,1.0,53.0,52.0,1.0,74.0,0.29,1.39,-0.85,0.29,3.0,1.0,0.64,0.87,328.0,-10.55,1.31,-0.82,12.37,-16.9,0.83,5.0,4.0,329.0,-3.09,0.3,-0.6,12.66,-1.98,0.81,1.0,0.0,cst/hydride,2dbq77h_0006,2dbq
2dbq,1796,-1277.52,137.34,-34.87,62.49,0.64,0.63,87.0,293.0,75.0,79.02,1.0,53.0,52.0,1.0,93.0,-1.35,0.89,0.0,18.91,1.0,2.0,0.76,0.91,328.0,-10.47,1.12,-0.84,12.33,-16.42,0.83,5.0,4.0,329.0,-2.36,0.56,0.0,31.25,-0.2,0.76,0.0,0.0,cst/hydride,2dbq96h_0004,2dbq
2dbq,1804,-1278.66,131.74,-33.45,22.19,0.68,0.66,93.0,291.0,80.0,74.75,2.0,53.0,51.0,0.99,50.0,0.46,0.24,-0.43,0.03,2.0,1.0,0.8,0.7,328.0,-10.33,1.27,-0.83,11.06,-16.32,0.82,5.0,4.0,329.0,-2.75,0.18,-0.43,11.1,-1.16,0.71,1.0,0.0,cst/hydride,2dbq53h_0007,2dbq
2dbq,1913,-1282.24,133.48,-35.75,23.37,0.64,0.65,88.0,293.0,82.0,78.16,1.0,53.0,52.0,1.0,74.0,-0.06,1.1,-1.16,0.26,4.0,1.0,0.68,0.8,328.0,-10.53,1.27,-0.82,11.43,-16.66,0.83,5.0,4.0,329.0,-3.13,0.39,-0.63,11.69,-1.85,0.79,1.0,0.0,cst/hydride,2dbq77h_0007,2dbq
2dbq,2053,-1278.4,137.18,-34.84,25.74,0.64,0.62,90.0,293.0,77.0,78.36,1.0,53.0,52.0,1.0,283.0,2.28,0.77,-0.41,0.36,3.0,0.0,0.67,0.55,328.0,-9.38,2.04,-0.81,12.51,-16.29,0.81,5.0,4.0,329.0,-1.76,1.32,-0.41,12.87,-1.06,0.8,1.0,0.0,cst/hydride,2dbq288h_0009,2dbq
2dbq,2084,-1283.8,134.11,-36.8,23.35,0.64,0.64,88.0,296.0,80.0,77.88,1.0,53.0,52.0,0.99,74.0,-0.37,0.77,-0.79,0.22,3.0,1.0,0.62,0.82,328.0,-10.45,1.35,-0.83,11.46,-16.59,0.83,5.0,4.0,329.0,-2.85,0.47,-0.54,11.67,-1.4,0.76,1.0,0.0,cst/hydride,2dbq77h_0008,2dbq
2dbq,2100,-1281.02,131.92,-32.64,22.11,0.64,0.64,90.0,291.0,79.0,76.28,1.0,53.0,52.0,0.99,50.0,-1.99,0.17,-0.64,0.0,4.0,0.0,0.88,0.72,328.0,-10.18,1.3,-0.86,11.05,-16.31,0.81,5.0,4.0,329.0,-2.47,0.23,-0.24,11.05,-0.9,0.71,1.0,0.0,cst/hydride,2dbq53h_0009,2dbq
2dbq,2279,-1279.77,136.06,-35.26,59.94,0.64,0.62,85.0,293.0,79.0,78.28,1.0,53.0,52.0,1.0,93.0,-1.33,0.83,0.0,17.98,1.0,2.0,0.84,0.81,328.0,-10.47,1.19,-0.85,11.99,-16.43,0.83,5.0,4.0,329.0,-2.41,0.46,0.0,29.97,-0.31,0.78,0.0,0.0,cst/hydride,2dbq96h_0006,2dbq
2dbq,2993,-1281.75,134.62,-35.56,64.04,0.66,0.62,89.0,294.0,80.0,79.26,1.0,53.0,52.0,1.0,93.0,-1.49,0.79,0.0,20.19,1.0,2.0,0.71,0.85,328.0,-10.54,1.13,-0.82,11.83,-16.56,0.82,5.0,4.0,329.0,-2.65,0.25,0.0,32.02,-0.79,0.78,0.0,0.0,cst/hydride,2dbq96h_0009,2dbq
2f1k,1039,-1044.75,114.12,-15.03,34.95,0.67,0.66,59.0,257.0,48.0,88.06,-8.0,22.0,30.0,0.99,116.0,-0.75,0.16,0.0,5.24,0.0,0.0,0.52,0.36,278.0,-11.09,1.48,-1.76,12.23,-19.36,0.77,10.0,3.0,279.0,-1.35,1.27,0.0,17.47,0.12,0.66,0.0,0.0,cst/hydride,2f1k117h_0001,2f1k
2f1k,1184,-1043.85,112.81,-19.77,23.1,0.66,0.67,65.0,259.0,47.0,88.25,-8.0,22.0,30.0,0.99,92.0,0.21,0.46,-0.54,0.3,2.0,2.0,0.63,0.64,278.0,-10.72,1.17,-1.47,11.25,-17.4,0.75,9.0,4.0,279.0,-3.2,0.31,-1.0,11.55,-2.37,0.49,2.0,0.0,cst/hydride,2f1k92h_0001,2f1k
2f1k,1224,-1042.38,113.29,-14.83,34.13,0.65,0.65,62.0,258.0,45.0,88.4,-8.0,22.0,30.0,0.99,116.0,-0.4,0.14,0.0,4.79,0.0,1.0,0.43,0.31,278.0,-11.07,1.52,-1.7,12.27,-19.45,0.78,10.0,3.0,279.0,-1.5,1.1,0.0,17.06,-0.32,0.66,0.0,0.0,cst/hydride,2f1k117h_0004,2f1k
2f1k,1349,-1042.47,114.43,-15.16,33.89,0.65,0.65,60.0,256.0,44.0,87.56,-7.0,22.0,29.0,1.0,116.0,-0.85,0.07,0.0,4.48,0.0,0.0,0.56,0.46,278.0,-10.78,1.69,-1.76,12.47,-19.06,0.77,10.0,3.0,279.0,-1.47,1.1,0.0,16.94,-0.46,0.64,0.0,0.0,cst/hydride,2f1k117h_0006,2f1k
2f1k,1467,-1040.82,114.15,-15.85,45.39,0.65,0.62,59.0,255.0,45.0,88.55,-7.0,22.0,29.0,0.99,112.0,-0.1,1.03,0.0,11.03,1.0,1.0,0.68,0.77,278.0,-11.29,1.26,-2.15,11.67,-19.01,0.75,10.0,3.0,279.0,-1.98,0.65,0.0,22.69,-0.38,0.56,0.0,0.0,cst/hydride,2f1k112h_0003,2f1k
2f1k,1555,-1042.13,115.55,-15.14,34.22,0.64,0.65,59.0,257.0,43.0,88.37,-7.0,22.0,29.0,1.0,116.0,-0.12,0.1,-0.02,4.59,1.0,0.0,0.38,0.46,278.0,-10.95,1.68,-1.77,12.52,-19.35,0.77,10.0,3.0,279.0,-1.42,0.95,-0.02,17.11,-0.27,0.63,1.0,0.0,cst/hydride,2f1k117h_0009,2f1k
2f1k,2038,-1042.19,113.1,-15.84,45.32,0.66,0.62,57.0,257.0,46.0,88.6,-7.0,22.0,29.0,0.99,112.0,0.07,1.21,0.0,10.96,2.0,0.0,0.93,0.88,278.0,-11.6,1.29,-2.16,11.7,-19.68,0.75,11.0,3.0,279.0,-1.91,0.72,0.0,22.66,-0.3,0.58,0.0,0.0,cst/hydride,2f1k112h_0006,2f1k
2f1k,2385,-1042.22,113.13,-18.9,23.34,0.66,0.65,70.0,259.0,46.0,88.44,-8.0,22.0,30.0,0.99,92.0,0.19,0.43,-0.58,0.52,2.0,2.0,0.8,0.72,278.0,-10.49,1.29,-1.48,11.15,-16.98,0.75,9.0,4.0,279.0,-3.21,0.32,-1.03,11.67,-2.44,0.51,2.0,0.0,cst/hydride,2f1k92h_0009,2f1k
2f1k,2452,-1046.16,115.31,-15.92,45.37,0.66,0.65,62.0,256.0,44.0,88.69,-7.0,22.0,29.0,0.99,112.0,-0.44,1.08,0.0,11.03,1.0,1.0,0.87,0.7,278.0,-11.2,1.53,-2.19,11.66,-18.97,0.75,11.0,3.0,279.0,-1.91,0.71,0.0,22.68,-0.4,0.56,0.0,0.0,cst/hydride,2f1k112h_0008,2f1k
2g5c,1146,-1024.27,118.4,-27.59,26.52,0.64,0.62,71.0,253.0,48.0,170.58,-3.0,39.0,42.0,1.0,120.0,-1.17,0.84,0.0,2.02,0.0,1.0,0.63,0.6,271.0,-10.43,1.04,-2.45,11.24,-16.96,0.78,8.0,2.0,272.0,-2.23,0.87,0.0,13.26,-0.56,0.79,0.0,0.0,cst/hydride,2g5c152h_0001,2g5c
2g5c,1233,-1027.51,115.27,-27.85,22.38,0.62,0.6,67.0,257.0,51.0,169.34,-3.0,39.0,42.0,1.0,132.0,-1.03,0.36,-0.16,0.11,1.0,2.0,0.59,0.57,271.0,-11.01,0.81,-2.8,11.08,-17.52,0.79,9.0,2.0,272.0,-2.81,0.24,-0.16,11.19,-1.11,0.82,1.0,0.0,cst/hydride,2g5c164h_0001,2g5c
2g5c,1361,-1027.63,112.62,-30.56,40.86,0.65,0.62,66.0,259.0,50.0,169.63,-3.0,39.0,42.0,0.99,92.0,1.92,0.59,-1.22,7.53,3.0,1.0,0.85,0.88,271.0,-11.13,0.72,-2.71,12.9,-17.54,0.78,9.0,2.0,272.0,-3.49,0.1,-0.27,20.43,-2.25,0.82,1.0,0.0,cst/hydride,2g5c124h_0002,2g5c
2g5c,1369,-1027.8,114.04,-28.22,22.33,0.64,0.64,68.0,257.0,50.0,169.92,-3.0,39.0,42.0,1.0,132.0,-0.96,0.38,-0.2,0.12,1.0,2.0,0.56,0.75,271.0,-10.84,0.81,-2.85,11.04,-17.19,0.8,9.0,2.0,272.0,-2.94,0.18,-0.2,11.16,-1.4,0.86,1.0,0.0,cst/hydride,2g5c164h_0002,2g5c
2g5c,1375,-1029.98,114.48,-27.48,43.19,0.63,0.62,73.0,255.0,49.0,171.19,-3.0,39.0,42.0,1.0,133.0,-2.06,0.35,0.0,10.44,1.0,2.0,0.5,0.86,271.0,-10.47,0.76,-2.66,11.16,-16.46,0.79,9.0,2.0,272.0,-2.53,0.51,0.0,21.6,-0.57,0.83,0.0,0.0,cst/hydride,2g5c165h_0002,2g5c
2g5c,1507,-1030.47,115.02,-27.45,42.65,0.63,0.62,68.0,258.0,50.0,169.95,-3.0,39.0,42.0,1.0,133.0,-1.98,0.33,0.0,10.18,1.0,2.0,0.48,0.64,271.0,-10.62,0.78,-2.71,11.15,-16.76,0.79,9.0,2.0,272.0,-2.52,0.54,0.0,21.33,-0.55,0.81,0.0,0.0,cst/hydride,2g5c165h_0003,2g5c
2g5c,1517,-1028.11,113.0,-30.58,40.97,0.67,0.64,64.0,259.0,51.0,170.81,-3.0,39.0,42.0,0.99,92.0,2.15,0.63,-1.23,7.68,3.0,1.0,0.85,0.66,271.0,-11.22,0.73,-2.75,12.81,-17.72,0.79,9.0,2.0,272.0,-3.5,0.1,-0.27,20.48,-2.28,0.81,1.0,0.0,cst/hydride,2g5c124h_0003,2g5c
2g5c,1662,-1026.67,117.5,-28.18,27.27,0.64,0.64,70.0,256.0,48.0,169.47,-3.0,39.0,42.0,1.0,10.0,-0.48,0.84,-0.29,0.77,3.0,1.0,0.63,0.92,271.0,-10.29,1.32,-2.9,12.86,-16.91,0.79,9.0,2.0,272.0,-2.31,0.79,-0.29,13.63,-0.95,0.75,1.0,0.0,cst/hydride,2g5c40h_0005,2g5c
2g5c,1787,-1028.04,115.79,-26.76,27.73,0.65,0.64,67.0,257.0,47.0,169.47,-3.0,39.0,42.0,1.0,10.0,-0.62,0.64,-0.26,1.05,3.0,1.0,0.75,0.83,271.0,-9.97,1.26,-2.69,12.82,-16.18,0.79,9.0,2.0,272.0,-2.36,0.72,-0.26,13.87,-0.96,0.75,1.0,0.0,cst/hydride,2g5c40h_0006,2g5c
2g5c,2153,-1025.54,118.06,-26.43,27.05,0.65,0.63,71.0,255.0,46.0,168.38,-3.0,39.0,42.0,1.0,10.0,-0.73,0.71,-0.28,0.86,3.0,1.0,0.9,0.9,271.0,-9.61,1.2,-2.44,12.67,-15.46,0.79,7.0,2.0,272.0,-2.42,0.71,-0.28,13.53,-1.06,0.75,1.0,0.0,cst/hydride,2g5c40h_0009,2g5c
2g5c,2266,-1024.37,115.59,-27.31,41.26,0.62,0.63,71.0,255.0,48.0,170.47,-3.0,39.0,42.0,1.0,133.0,-1.37,0.48,0.0,9.45,1.0,2.0,0.67,0.65,271.0,-10.64,0.74,-2.8,11.18,-16.81,0.8,9.0,2.0,272.0,-2.48,0.57,0.0,20.63,-0.49,0.84,0.0,0.0,cst/hydride,2g5c165h_0008,2g5c
2i3g,1315,-1363.7,128.79,-40.49,23.81,0.66,0.67,75.0,311.0,80.0,6.99,-6.0,23.0,29.0,0.99,15.0,-0.41,0.1,-0.27,0.06,3.0,0.0,0.49,0.3,348.0,-8.7,0.95,-0.95,11.85,-13.22,0.74,9.0,1.0,349.0,-2.38,0.52,-0.27,11.91,-0.59,0.82,1.0,0.0,cst/hydride,2i3g20h_0001,2i3g
2i3g,1368,-1360.29,127.33,-36.51,24.28,0.7,0.67,77.0,308.0,72.0,6.91,-8.0,22.0,30.0,0.99,316.0,-2.78,0.65,-0.52,0.0,3.0,0.0,0.78,0.73,348.0,-8.61,0.76,-0.94,12.14,-13.03,0.72,9.0,1.0,349.0,-2.92,0.33,-0.52,12.14,-1.65,0.79,1.0,0.0,cst/hydride,2i3g321h_0001,2i3g
2i3g,1400,-1362.92,128.26,-38.64,23.68,0.68,0.67,80.0,309.0,76.0,6.9,-6.0,23.0,29.0,0.99,184.0,0.13,0.56,-0.33,0.0,3.0,0.0,0.74,0.76,348.0,-8.66,0.93,-1.0,11.83,-13.07,0.73,10.0,1.0,349.0,-2.53,0.58,-0.33,11.84,-0.82,0.81,1.0,0.0,cst/hydride,2i3g189h_0002,2i3g
2i3g,1479,-1356.95,128.07,-39.81,24.22,0.65,0.64,77.0,311.0,75.0,7.28,-7.0,23.0,30.0,0.99,315.0,-0.33,1.25,-0.1,0.07,1.0,3.0,0.73,0.9,348.0,-7.69,1.29,-0.95,12.04,-12.44,0.72,9.0,1.0,349.0,-1.57,0.96,-0.1,12.11,-0.21,0.75,1.0,0.0,cst/hydride,2i3g320h_0002,2i3g
2i3g,1513,-1362.11,127.54,-39.47,24.2,0.67,0.67,76.0,312.0,75.0,8.28,-6.0,23.0,29.0,0.99,184.0,-0.06,0.54,-0.41,0.0,3.0,0.0,0.86,0.78,348.0,-8.63,0.91,-0.98,12.1,-13.05,0.73,10.0,1.0,349.0,-2.79,0.38,-0.41,12.1,-1.37,0.8,1.0,0.0,cst/hydride,2i3g189h_0003,2i3g
2i3g,1545,-1361.12,128.19,-37.85,24.73,0.68,0.67,74.0,307.0,73.0,6.97,-6.0,23.0,29.0,0.99,15.0,-0.99,0.14,-0.41,0.0,3.0,0.0,0.37,0.45,348.0,-8.4,1.04,-0.93,12.36,-12.6,0.74,9.0,1.0,349.0,-2.82,0.31,-0.41,12.36,-1.44,0.78,1.0,0.0,cst/hydride,2i3g20h_0003,2i3g
2i3g,1664,-1357.78,127.07,-34.67,24.96,0.67,0.66,76.0,304.0,73.0,6.97,-6.0,23.0,29.0,0.99,15.0,-1.21,0.15,-0.4,0.0,3.0,0.0,0.55,0.63,348.0,-8.45,1.07,-0.94,12.48,-12.73,0.74,9.0,1.0,349.0,-2.7,0.39,-0.4,12.48,-1.23,0.79,1.0,0.0,cst/hydride,2i3g20h_0004,2i3g
2i3g,1792,-1364.52,128.67,-39.03,25.23,0.68,0.66,74.0,311.0,77.0,7.14,-6.0,23.0,29.0,0.99,15.0,-1.19,0.1,-0.45,0.0,3.0,0.0,0.46,0.47,348.0,-8.41,0.88,-1.0,12.61,-12.63,0.73,10.0,1.0,349.0,-2.93,0.23,-0.45,12.61,-1.67,0.78,1.0,0.0,cst/hydride,2i3g20h_0005,2i3g
2i3g,1799,-1357.84,127.01,-37.3,24.2,0.69,0.65,77.0,307.0,73.0,7.48,-8.0,22.0,30.0,0.99,316.0,-2.66,0.64,-0.54,0.0,3.0,0.0,0.98,0.91,348.0,-8.3,0.73,-0.92,12.1,-12.39,0.73,10.0,1.0,349.0,-2.82,0.47,-0.54,12.1,-1.43,0.78,1.0,0.0,cst/hydride,2i3g321h_0004,2i3g
2i3g,1906,-1366.57,126.43,-38.51,25.06,0.67,0.67,77.0,310.0,75.0,6.7,-6.0,23.0,29.0,0.99,15.0,-1.45,0.1,-0.47,0.0,3.0,0.0,0.69,0.49,348.0,-8.57,0.94,-1.1,12.53,-12.94,0.74,10.0,1.0,349.0,-2.93,0.26,-0.47,12.53,-1.66,0.76,1.0,0.0,cst/hydride,2i3g20h_0006,2i3g
2i3g,1952,-1359.41,126.4,-37.5,22.86,0.67,0.65,79.0,307.0,74.0,7.34,-8.0,22.0,30.0,0.99,316.0,-2.48,0.53,-0.34,0.02,3.0,0.0,0.91,0.88,348.0,-8.5,0.76,-0.95,11.41,-12.75,0.72,9.0,1.0,349.0,-2.7,0.38,-0.34,11.43,-1.17,0.8,1.0,0.0,cst/hydride,2i3g321h_0005,2i3g
2i3g,2019,-1361.49,129.19,-37.33,22.38,0.67,0.68,79.0,307.0,74.0,8.56,-6.0,23.0,29.0,0.99,184.0,-0.47,0.69,-0.32,0.02,3.0,0.0,0.71,0.78,348.0,-8.66,0.97,-0.94,11.17,-13.07,0.73,9.0,1.0,349.0,-2.44,0.59,-0.32,11.19,-0.62,0.83,1.0,0.0,cst/hydride,2i3g189h_0007,2i3g
2i3g,2044,-1356.67,129.21,-37.29,25.45,0.67,0.67,72.0,309.0,74.0,7.35,-6.0,23.0,29.0,0.99,15.0,-0.89,0.12,-0.43,0.0,3.0,0.0,0.45,0.52,348.0,-8.09,1.06,-0.94,12.73,-12.02,0.74,10.0,1.0,349.0,-2.81,0.32,-0.43,12.73,-1.47,0.77,1.0,0.0,cst/hydride,2i3g20h_0007,2i3g
2i3g,2090,-1363.73,127.47,-39.9,23.97,0.66,0.64,79.0,308.0,76.0,7.49,-6.0,23.0,29.0,0.99,185.0,-0.59,1.68,-0.65,0.0,2.0,2.0,0.78,0.87,348.0,-7.97,0.92,-0.92,11.99,-12.15,0.71,9.0,1.0,349.0,-2.48,0.91,-0.65,11.99,-1.17,0.82,1.0,0.0,cst/hydride,2i3g190h_0005,2i3g
2i3g,2109,-1359.06,127.28,-37.74,23.89,0.65,0.66,76.0,308.0,75.0,6.63,-8.0,22.0,30.0,0.99,316.0,-2.99,0.51,-0.52,0.0,3.0,0.0,0.95,0.96,348.0,-8.3,0.71,-0.94,11.94,-12.37,0.73,10.0,1.0,349.0,-2.81,0.48,-0.52,11.94,-1.38,0.79,1.0,0.0,cst/hydride,2i3g321h_0006,2i3g
2i3g,2154,-1363.82,128.17,-39.85,23.47,0.68,0.66,79.0,309.0,75.0,7.02,-6.0,23.0,29.0,0.99,184.0,-0.42,0.53,-0.4,0.0,3.0,0.0,0.63,0.57,348.0,-8.79,0.86,-0.96,11.73,-13.29,0.74,9.0,1.0,349.0,-2.57,0.65,-0.4,11.74,-0.85,0.79,1.0,0.0,cst/hydride,2i3g189h_0008,2i3g
2i3g,2176,-1360.15,128.63,-37.51,25.55,0.68,0.67,75.0,308.0,73.0,6.97,-6.0,23.0,29.0,0.99,15.0,-1.05,0.14,-0.48,0.0,3.0,0.0,0.64,0.67,348.0,-8.41,1.0,-0.93,12.77,-12.65,0.74,9.0,1.0,349.0,-2.95,0.23,-0.48,12.77,-1.73,0.76,1.0,0.0,cst/hydride,2i3g20h_0008,2i3g
2i3g,2238,-1356.65,130.86,-38.34,54.48,0.66,0.65,79.0,312.0,74.0,7.14,-6.0,23.0,29.0,0.99,317.0,-0.17,1.28,-0.31,16.19,5.0,1.0,0.81,0.62,348.0,-7.96,1.01,-0.92,11.05,-11.6,0.74,10.0,1.0,349.0,-2.03,0.94,0.0,27.24,0.26,0.83,0.0,0.0,cst/hydride,2i3g322h_0007,2i3g
2i3g,2246,-1356.86,126.92,-40.39,24.86,0.64,0.64,77.0,310.0,75.0,7.38,-7.0,23.0,30.0,0.99,315.0,0.45,1.0,-0.26,0.15,1.0,2.0,0.95,0.88,348.0,-8.06,1.26,-0.97,12.28,-13.16,0.72,9.0,1.0,349.0,-1.8,0.92,-0.26,12.43,-0.64,0.81,1.0,0.0,cst/hydride,2i3g320h_0007,2i3g
2i3g,2285,-1358.56,128.47,-36.46,22.41,0.67,0.65,79.0,307.0,75.0,7.84,-6.0,23.0,29.0,0.99,184.0,0.1,0.63,-0.18,0.03,3.0,0.0,0.49,0.43,348.0,-8.6,0.88,-0.94,11.18,-13.07,0.73,9.0,1.0,349.0,-2.09,0.76,-0.18,11.21,-0.05,0.79,1.0,0.0,cst/hydride,2i3g189h_0009,2i3g
2i3g,2304,-1365.03,128.3,-39.12,24.78,0.7,0.68,75.0,313.0,77.0,6.71,-6.0,23.0,29.0,0.99,15.0,-1.08,0.11,-0.39,0.0,3.0,0.0,0.73,0.75,348.0,-8.54,0.92,-1.07,12.39,-12.91,0.74,10.0,1.0,349.0,-2.74,0.33,-0.39,12.39,-1.31,0.81,1.0,0.0,cst/hydride,2i3g20h_0009,2i3g
2i3g,2441,-1358.19,127.55,-37.38,23.51,0.67,0.67,77.0,306.0,73.0,7.48,-8.0,22.0,30.0,0.99,316.0,-2.01,0.65,-0.44,0.0,3.0,0.0,0.77,0.62,348.0,-8.47,0.75,-0.94,11.75,-12.72,0.73,9.0,1.0,349.0,-2.8,0.35,-0.44,11.75,-1.38,0.82,1.0,0.0,cst/hydride,2i3g321h_0008,2i3g
2i3g,2613,-1356.76,128.38,-37.74,23.76,0.67,0.67,79.0,308.0,76.0,6.63,-8.0,22.0,30.0,0.99,316.0,-2.67,0.54,-0.48,0.0,3.0,0.0,0.75,0.66,348.0,-8.46,0.71,-1.02,11.88,-12.69,0.73,10.0,1.0,349.0,-2.76,0.48,-0.48,11.88,-1.3,0.81,1.0,0.0,cst/hydride,2i3g321h_0009,2i3g
2v6g,1415,-1445.33,149.44,-56.42,38.61,0.67,0.66,107.0,342.0,115.0,19.61,-13.0,38.0,51.0,0.99,190.0,-1.13,0.48,0.0,3.24,2.0,0.0,0.24,0.34,365.0,-11.14,1.79,-4.1,16.07,-18.65,0.95,16.0,6.0,366.0,-1.77,0.58,0.0,19.31,0.09,0.81,0.0,0.0,cst/hydride,2v6g215h_0001,2v6g
2v6g,1504,-1441.55,158.45,-53.07,93.67,0.65,0.66,109.0,341.0,110.0,13.15,-13.0,38.0,51.0,1.0,231.0,-0.25,1.47,0.0,33.16,2.0,1.0,0.91,0.88,365.0,-9.96,3.44,-3.8,13.68,-19.06,0.96,16.0,7.0,366.0,-0.83,1.87,0.0,46.84,-0.8,0.88,0.0,0.0,cst/hydride,2v6g256h_0001,2v6g
2v6g,1563,-1450.66,147.05,-55.86,38.08,0.66,0.66,109.0,342.0,116.0,18.93,-14.0,38.0,52.0,0.99,190.0,-0.99,0.51,0.0,3.05,2.0,0.0,0.49,0.44,365.0,-10.88,1.99,-4.06,15.99,-18.17,0.96,16.0,7.0,366.0,-1.79,0.56,0.0,19.04,0.02,0.81,0.0,0.0,cst/hydride,2v6g215h_0002,2v6g
2v6g,1720,-1449.21,148.73,-56.54,38.18,0.67,0.63,104.0,344.0,116.0,18.15,-13.0,38.0,51.0,0.99,190.0,-0.99,0.5,0.0,3.08,2.0,0.0,0.65,0.52,365.0,-10.95,2.13,-4.26,16.01,-18.28,0.96,16.0,6.0,366.0,-1.77,0.59,0.0,19.09,0.08,0.82,0.0,0.0,cst/hydride,2v6g215h_0003,2v6g
2v6g,1748,-1442.51,157.18,-53.18,94.71,0.68,0.67,113.0,339.0,111.0,19.77,-13.0,38.0,51.0,1.0,231.0,-0.08,1.79,0.0,33.65,2.0,1.0,0.46,0.49,365.0,-10.69,3.1,-3.83,13.7,-20.41,0.96,16.0,6.0,366.0,-0.84,1.84,0.0,47.35,-0.72,0.89,0.0,0.0,cst/hydride,2v6g256h_0002,2v6g
2v6g,1885,-1445.94,152.27,-55.91,38.25,0.66,0.66,106.0,342.0,116.0,18.0,-13.0,38.0,51.0,0.99,190.0,-1.14,0.51,0.0,3.17,2.0,0.0,0.75,0.87,365.0,-11.02,1.89,-4.05,15.96,-18.56,0.96,16.0,6.0,366.0,-1.77,0.58,0.0,19.13,-0.05,0.83,0.0,0.0,cst/hydride,2v6g215h_0004,2v6g
2v6g,2061,-1450.49,147.39,-56.4,38.47,0.64,0.65,106.0,342.0,116.0,17.94,-13.0,38.0,51.0,0.99,190.0,-1.0,0.5,0.0,3.16,2.0,0.0,0.63,0.68,365.0,-11.07,1.93,-4.15,16.07,-18.52,0.96,16.0,6.0,366.0,-1.74,0.62,0.0,19.23,0.15,0.81,0.0,0.0,cst/hydride,2v6g215h_0005,2v6g
2v6g,2236,-1449.51,148.04,-55.81,38.81,0.66,0.66,105.0,342.0,115.0,18.35,-14.0,38.0,52.0,0.99,190.0,-1.0,0.48,0.0,3.3,2.0,0.0,0.74,0.77,365.0,-11.11,1.9,-4.09,16.1,-18.58,0.96,16.0,6.0,366.0,-1.76,0.59,0.0,19.4,0.12,0.79,0.0,0.0,cst/hydride,2v6g215h_0006,2v6g
2v6g,2418,-1451.28,147.5,-57.04,35.2,0.66,0.65,105.0,345.0,118.0,17.56,-13.0,38.0,51.0,0.99,190.0,-0.77,0.96,-0.19,1.56,3.0,0.0,0.43,0.6,365.0,-10.97,2.31,-4.16,16.04,-18.38,0.96,17.0,6.0,366.0,-2.05,0.49,-0.19,17.6,-0.53,0.8,1.0,0.0,cst/hydride,2v6g215h_0007,2v6g
2v6g,2598,-1447.88,150.25,-55.82,38.67,0.68,0.64,107.0,342.0,114.0,18.03,-14.0,38.0,52.0,0.99,190.0,-1.08,0.52,0.0,3.19,2.0,0.0,0.54,0.64,365.0,-11.14,1.88,-4.05,16.14,-18.61,0.96,16.0,7.0,366.0,-1.82,0.54,0.0,19.34,0.04,0.82,0.0,0.0,cst/hydride,2v6g215h_0008,2v6g
2v6g,2761,-1448.79,148.63,-56.17,38.44,0.66,0.65,109.0,342.0,116.0,16.85,-13.0,38.0,51.0,0.99,190.0,-1.07,0.5,0.0,3.18,2.0,0.0,0.9,0.85,365.0,-10.96,1.95,-4.01,16.04,-18.28,0.96,16.0,7.0,366.0,-1.76,0.57,0.0,19.22,0.1,0.83,0.0,0.0,cst/hydride,2v6g215h_0009,2v6g
2v6g,3211,-1443.43,158.65,-53.05,93.82,0.66,0.67,108.0,340.0,110.0,16.72,-13.0,38.0,51.0,1.0,231.0,0.4,1.85,0.0,33.19,2.0,1.0,0.74,0.66,365.0,-10.47,3.29,-3.89,13.72,-19.94,0.96,16.0,6.0,366.0,-0.86,1.83,0.0,46.91,-0.71,0.87,0.0,0.0,cst/hydride,2v6g256h_0008,2v6g
2v6g,3315,-1441.39,157.54,-53.39,91.2,0.68,0.67,111.0,339.0,108.0,16.7,-13.0,38.0,51.0,1.0,231.0,1.15,2.29,0.0,31.83,2.0,1.0,0.81,0.61,365.0,-10.55,3.03,-3.86,13.77,-19.95,0.96,16.0,6.0,366.0,-0.9,1.78,0.0,45.6,-0.65,0.89,0.0,0.0,cst/hydride,2v6g256h_0009,2v6g
2zb4,1445,-1406.29,136.9,-35.7,26.29,0.6,0.6,65.0,339.0,80.0,19.35,-9.0,30.0,39.0,1.0,291.0,-1.3,0.51,-0.15,2.11,1.0,1.0,0.77,0.84,352.0,-8.55,1.89,-2.49,11.03,-13.31,0.89,10.0,2.0,353.0,-2.63,0.46,-0.15,13.14,-1.47,0.82,1.0,0.0,cst/hydride,2zb4290h_0001,2zb4
2zb4,1576,-1405.01,136.85,-36.74,24.9,0.6,0.6,64.0,341.0,79.0,19.96,-8.0,31.0,39.0,1.0,291.0,-0.84,0.46,-0.18,1.41,1.0,1.0,0.35,0.5,352.0,-8.67,1.79,-2.63,11.05,-13.53,0.88,10.0,2.0,353.0,-2.64,0.47,-0.18,12.45,-1.45,0.8,1.0,0.0,cst/hydride,2zb4290h_0002,2zb4
2zb4,1586,-1406.6,136.59,-34.86,24.73,0.68,0.67,68.0,339.0,76.0,15.66,-9.0,30.0,39.0,1.0,66.0,2.13,0.12,0.0,1.29,1.0,1.0,0.47,0.51,352.0,-9.15,1.57,-2.56,11.07,-13.91,0.89,10.0,2.0,353.0,-3.02,0.17,0.0,12.36,-1.65,0.82,0.0,0.0,cst/hydride,2zb465h_0002,2zb4
2zb4,1701,-1410.06,137.19,-35.81,26.38,0.63,0.62,65.0,339.0,81.0,17.98,-9.0,30.0,39.0,1.0,291.0,-1.19,0.41,-0.16,2.13,1.0,1.0,0.42,0.52,352.0,-8.5,2.01,-2.62,11.06,-13.24,0.89,10.0,2.0,353.0,-2.59,0.5,-0.16,13.19,-1.42,0.82,1.0,0.0,cst/hydride,2zb4290h_0003,2zb4
2zb4,1718,-1406.33,137.35,-35.07,28.97,0.67,0.65,66.0,338.0,77.0,14.74,-9.0,30.0,39.0,1.0,66.0,1.71,0.13,0.0,3.38,1.0,1.0,0.73,0.8,352.0,-9.06,1.64,-2.58,11.1,-13.74,0.89,10.0,2.0,353.0,-2.91,0.24,0.0,14.48,-1.44,0.84,0.0,0.0,cst/hydride,2zb465h_0003,2zb4
2zb4,1832,-1410.44,136.27,-35.64,26.63,0.64,0.62,64.0,340.0,81.0,18.88,-9.0,30.0,39.0,1.0,291.0,-1.39,0.38,-0.17,2.26,1.0,1.0,0.8,0.74,352.0,-8.49,1.99,-2.51,11.06,-13.22,0.89,10.0,2.0,353.0,-2.63,0.48,-0.17,13.31,-1.5,0.82,1.0,0.0,cst/hydride,2zb4290h_0004,2zb4
2zb4,2003,-1406.33,136.76,-35.28,24.1,0.65,0.66,66.0,339.0,78.0,14.92,-9.0,30.0,39.0,1.0,66.0,1.86,0.1,0.0,1.02,2.0,1.0,0.68,0.65,352.0,-9.2,1.5,-2.69,11.03,-14.01,0.9,10.0,2.0,353.0,-3.01,0.19,0.0,12.05,-1.63,0.81,1.0,0.0,cst/hydride,2zb465h_0005,2zb4
2zb4,2148,-1406.66,136.88,-35.3,38.69,0.65,0.65,67.0,338.0,76.0,15.69,-9.0,30.0,39.0,1.0,66.0,-0.07,0.42,0.0,8.33,1.0,1.0,0.89,0.76,352.0,-9.09,1.82,-2.72,11.02,-13.82,0.89,10.0,2.0,353.0,-2.94,0.24,0.0,19.35,-1.51,0.86,0.0,0.0,cst/hydride,2zb465h_0006,2zb4
2zb4,2265,-1411.41,135.29,-36.62,25.3,0.61,0.61,64.0,341.0,80.0,19.81,-8.0,31.0,39.0,1.0,291.0,-0.95,0.38,-0.19,1.59,1.0,1.0,0.5,0.52,352.0,-8.65,1.89,-2.61,11.06,-13.38,0.89,10.0,2.0,353.0,-2.69,0.42,-0.19,12.65,-1.46,0.82,1.0,0.0,cst/hydride,2zb4290h_0007,2zb4
2zb4,2410,-1412.31,135.75,-36.31,26.46,0.64,0.64,64.0,341.0,82.0,19.11,-8.0,31.0,39.0,1.0,291.0,-1.31,0.42,-0.13,2.16,1.0,1.0,0.2,0.29,352.0,-8.6,1.85,-2.48,11.07,-13.23,0.89,10.0,2.0,353.0,-2.67,0.36,-0.13,13.23,-1.38,0.83,1.0,0.0,cst/hydride,2zb4290h_0008,2zb4
2zb4,2534,-1409.3,138.7,-37.08,31.38,0.67,0.65,65.0,343.0,79.0,18.2,-9.0,30.0,39.0,1.0,289.0,-2.03,0.29,-0.83,2.89,4.0,0.0,0.48,0.41,352.0,-7.73,2.97,-2.63,12.8,-13.76,0.9,10.0,2.0,353.0,-1.5,1.65,-0.34,15.69,-1.29,0.8,1.0,0.0,cst/hydride,2zb4288h_0009,2zb4
2zb4,2543,-1406.04,135.75,-35.7,26.64,0.64,0.63,67.0,340.0,80.0,19.4,-9.0,30.0,39.0,1.0,291.0,-1.39,0.46,-0.15,2.24,1.0,1.0,0.75,0.69,352.0,-8.57,1.89,-2.48,11.08,-13.36,0.89,10.0,2.0,353.0,-2.61,0.47,-0.15,13.32,-1.43,0.82,1.0,0.0,cst/hydride,2zb4290h_0009,2zb4
3ajr,1597,-1293.5,136.27,-42.43,29.82,0.66,0.66,97.0,311.0,93.0,3.26,-6.0,41.0,47.0,1.0,179.0,-1.25,0.83,0.0,3.74,1.0,1.0,0.95,0.85,315.0,-11.69,1.46,-1.96,11.17,-19.41,0.92,10.0,3.0,316.0,-1.91,0.58,0.0,14.91,0.14,0.88,0.0,0.0,cst/hydride,3ajr179h_0001,3ajr
3ajr,1676,-1290.31,137.6,-41.87,45.46,0.67,0.67,101.0,311.0,94.0,3.16,-6.0,41.0,47.0,1.0,180.0,-1.28,1.19,0.0,5.68,2.0,1.0,0.6,0.6,315.0,-11.66,1.41,-1.94,17.05,-19.2,0.91,10.0,5.0,316.0,-4.2,0.3,0.0,22.73,-4.27,0.83,2.0,0.0,cst/hydride,3ajr180h_0002,3ajr
3ajr,1800,-1291.81,136.07,-42.63,29.63,0.68,0.67,98.0,310.0,92.0,3.24,-6.0,41.0,47.0,1.0,179.0,-0.9,0.89,0.0,3.54,1.0,1.0,0.9,0.77,315.0,-11.69,1.48,-1.95,11.28,-19.42,0.92,10.0,3.0,316.0,-1.96,0.56,0.0,14.81,0.04,0.92,0.0,0.0,cst/hydride,3ajr179h_0002,3ajr
3ajr,1926,-1289.63,137.26,-44.39,53.31,0.66,0.66,97.0,312.0,91.0,3.17,-6.0,41.0,47.0,1.0,137.0,0.25,1.51,-0.67,12.75,3.0,1.0,0.81,0.81,315.0,-11.63,1.23,-1.96,13.91,-18.72,0.91,10.0,3.0,316.0,-3.0,0.3,-0.33,26.66,-1.46,0.83,1.0,0.0,cst/hydride,3ajr137h_0003,3ajr
3ajr,1971,-1289.08,138.41,-41.95,45.66,0.67,0.67,103.0,311.0,94.0,3.13,-6.0,41.0,47.0,1.0,180.0,-1.19,1.21,0.0,5.95,2.0,1.0,0.59,0.56,315.0,-11.71,1.42,-1.92,16.88,-19.31,0.91,10.0,5.0,316.0,-4.18,0.28,0.0,22.83,-4.26,0.82,2.0,0.0,cst/hydride,3ajr180h_0004,3ajr
3ajr,2016,-1290.71,135.54,-42.56,29.9,0.66,0.68,96.0,310.0,95.0,3.24,-6.0,41.0,47.0,1.0,179.0,-1.18,0.81,0.0,3.76,1.0,1.0,0.8,0.81,315.0,-11.65,1.49,-1.93,11.19,-19.34,0.92,10.0,3.0,316.0,-1.97,0.56,0.0,14.95,0.04,0.91,0.0,0.0,cst/hydride,3ajr179h_0003,3ajr
3ajr,2125,-1288.81,137.91,-41.72,45.24,0.68,0.67,102.0,311.0,93.0,3.29,-6.0,41.0,47.0,1.0,180.0,-1.17,1.16,0.0,6.19,2.0,1.0,0.74,0.46,315.0,-11.53,1.55,-1.93,16.44,-18.94,0.91,10.0,5.0,316.0,-4.11,0.24,0.0,22.62,-4.11,0.84,2.0,0.0,cst/hydride,3ajr180h_0005,3ajr
3ajr,2287,-1288.97,138.21,-42.0,44.48,0.67,0.68,101.0,311.0,93.0,3.47,-6.0,41.0,47.0,1.0,180.0,-1.0,1.11,0.0,4.52,2.0,1.0,0.6,0.72,315.0,-11.63,1.36,-1.93,17.72,-19.16,0.91,10.0,5.0,316.0,-4.25,0.28,0.0,22.24,-4.39,0.85,2.0,0.0,cst/hydride,3ajr180h_0006,3ajr
3ajr,2448,-1289.16,137.98,-41.93,45.21,0.68,0.66,102.0,311.0,93.0,3.13,-6.0,41.0,47.0,1.0,180.0,-1.15,1.17,0.0,5.01,2.0,1.0,0.58,0.7,315.0,-11.57,1.55,-1.94,17.6,-19.0,0.91,10.0,5.0,316.0,-4.26,0.26,0.0,22.61,-4.39,0.83,2.0,0.0,cst/hydride,3ajr180h_0007,3ajr
3ajr,2456,-1289.85,136.72,-42.1,30.25,0.65,0.67,96.0,310.0,94.0,3.57,-6.0,41.0,47.0,1.0,179.0,-1.0,0.83,0.0,3.5,1.0,1.0,0.73,0.58,315.0,-11.48,1.54,-1.86,11.62,-18.91,0.92,10.0,3.0,316.0,-2.0,0.48,0.0,15.13,0.06,0.9,0.0,0.0,cst/hydride,3ajr179h_0005,3ajr
3ajr,2673,-1291.8,136.35,-42.15,29.76,0.67,0.66,94.0,310.0,93.0,3.27,-6.0,41.0,47.0,1.0,179.0,-0.84,0.84,0.0,3.56,1.0,1.0,0.28,0.3,315.0,-11.61,1.55,-1.94,11.32,-19.24,0.92,10.0,3.0,316.0,-1.95,0.54,0.0,14.88,0.08,0.9,0.0,0.0,cst/hydride,3ajr179h_0006,3ajr
3ajr,2756,-1290.67,137.66,-42.02,44.14,0.68,0.68,102.0,311.0,92.0,3.79,-6.0,41.0,47.0,1.0,180.0,-1.15,1.2,0.0,5.39,2.0,1.0,0.58,0.79,315.0,-11.58,1.5,-1.94,16.68,-19.05,0.91,10.0,5.0,316.0,-4.16,0.25,0.0,22.07,-4.2,0.84,2.0,0.0,cst/hydride,3ajr180h_0009,3ajr
3ajr,3173,-1292.06,136.46,-42.49,29.61,0.65,0.65,96.0,310.0,91.0,3.27,-6.0,41.0,47.0,1.0,179.0,-0.8,0.96,0.0,3.67,1.0,1.0,0.81,0.78,315.0,-11.63,1.55,-1.94,11.14,-19.35,0.92,10.0,3.0,316.0,-1.86,0.63,0.0,14.81,0.17,0.89,0.0,0.0,cst/hydride,3ajr179h_0009,3ajr
3jyo,1583,-1134.67,103.25,-37.58,33.33,0.67,0.68,60.0,279.0,56.0,2.85,-16.0,19.0,35.0,1.0,229.0,-0.44,0.37,-0.17,3.05,1.0,2.0,0.93,0.95,283.0,-9.32,1.32,-1.38,13.61,-14.92,0.81,7.0,3.0,284.0,-2.09,0.6,-0.17,16.67,-0.48,0.44,1.0,0.0,cst/hydride,3jyo230h_0001,3jyo
3jyo,1663,-1133.89,101.04,-37.33,94.11,0.65,0.65,59.0,279.0,55.0,3.62,-16.0,19.0,35.0,0.99,248.0,-1.72,0.46,0.0,35.04,2.0,1.0,0.78,0.56,283.0,-9.73,0.94,-1.37,12.01,-15.73,0.81,7.0,3.0,284.0,-1.96,0.75,0.0,47.06,-0.2,0.92,0.0,0.0,cst/hydride,3jyo249h_0001,3jyo
3jyo,1697,-1135.05,103.36,-38.07,33.09,0.67,0.66,58.0,279.0,55.0,3.15,-16.0,19.0,35.0,1.0,229.0,-0.61,0.38,-0.21,2.91,1.0,2.0,0.89,0.94,283.0,-9.43,1.37,-1.4,13.64,-15.25,0.81,7.0,3.0,284.0,-2.08,0.65,-0.21,16.55,-0.56,0.45,1.0,0.0,cst/hydride,3jyo230h_0002,3jyo
3jyo,1823,-1133.01,103.74,-37.95,32.71,0.65,0.66,57.0,279.0,54.0,2.8,-16.0,19.0,35.0,1.0,229.0,-0.66,0.41,-0.19,2.71,1.0,2.0,0.87,0.89,283.0,-9.45,1.32,-1.39,13.64,-15.08,0.81,7.0,3.0,284.0,-2.17,0.54,-0.19,16.35,-0.52,0.44,1.0,0.0,cst/hydride,3jyo230h_0003,3jyo
3jyo,1871,-1134.65,100.36,-38.64,91.22,0.69,0.67,56.0,280.0,56.0,2.9,-16.0,19.0,35.0,0.99,248.0,-1.62,0.49,0.0,33.3,2.0,1.0,0.79,0.8,283.0,-9.55,1.22,-1.4,12.31,-15.93,0.8,7.0,2.0,284.0,-2.0,0.57,0.0,45.61,-0.83,0.9,0.0,0.0,cst/hydride,3jyo249h_0002,3jyo
3jyo,2087,-1131.5,104.36,-37.75,32.68,0.67,0.67,56.0,279.0,55.0,2.95,-16.0,19.0,35.0,1.0,229.0,-0.69,0.45,-0.22,2.78,1.0,2.0,0.98,0.96,283.0,-9.32,1.25,-1.41,13.56,-14.83,0.82,7.0,3.0,284.0,-2.22,0.52,-0.22,16.34,-0.61,0.48,1.0,0.0,cst/hydride,3jyo230h_0005,3jyo
3jyo,2092,-1131.68,100.68,-37.14,91.29,0.67,0.66,59.0,279.0,55.0,3.23,-16.0,19.0,35.0,0.99,248.0,-1.51,0.52,0.0,33.36,2.0,1.0,0.8,0.74,283.0,-9.38,1.35,-1.37,12.28,-15.72,0.82,7.0,3.0,284.0,-1.93,0.66,0.0,45.64,-0.81,0.9,0.0,0.0,cst/hydride,3jyo249h_0003,3jyo
3jyo,2104,-1132.63,100.96,-37.24,53.22,0.67,0.66,59.0,278.0,53.0,3.23,-16.0,19.0,35.0,1.0,279.0,-0.88,0.7,0.0,13.2,2.0,0.0,0.67,0.82,283.0,-10.41,0.89,-1.4,13.41,-16.32,0.83,7.0,3.0,284.0,-2.7,0.07,0.0,26.61,-0.89,0.81,0.0,0.0,cst/hydride,3jyo280h_0004,3jyo
3jyo,2310,-1133.31,100.8,-37.05,90.93,0.65,0.64,58.0,279.0,55.0,3.47,-16.0,19.0,35.0,0.99,248.0,-1.45,0.59,0.0,32.97,2.0,1.0,0.9,0.94,283.0,-9.35,1.3,-1.38,12.5,-15.69,0.81,7.0,3.0,284.0,-1.93,0.67,0.0,45.46,-0.84,0.91,0.0,0.0,cst/hydride,3jyo249h_0004,3jyo
3jyo,2365,-1133.97,103.67,-37.75,32.4,0.67,0.65,58.0,279.0,53.0,3.79,-16.0,19.0,35.0,1.0,229.0,-0.36,0.59,-0.2,2.59,1.0,1.0,0.83,0.86,283.0,-9.46,1.22,-1.39,13.61,-15.13,0.81,7.0,3.0,284.0,-2.2,0.52,-0.2,16.2,-0.62,0.51,1.0,0.0,cst/hydride,3jyo230h_0007,3jyo
3jyo,2642,-1131.1,104.31,-37.86,33.4,0.66,0.66,56.0,278.0,56.0,2.75,-16.0,19.0,35.0,1.0,229.0,-0.71,0.33,-0.18,3.08,1.0,1.0,0.79,0.83,283.0,-9.25,1.32,-1.38,13.62,-14.73,0.82,7.0,3.0,284.0,-2.12,0.57,-0.18,16.7,-0.48,0.45,1.0,0.0,cst/hydride,3jyo230h_0009,3jyo
3jyo,2974,-1133.69,100.49,-37.0,92.17,0.67,0.65,58.0,279.0,56.0,3.62,-16.0,19.0,35.0,0.99,248.0,-1.45,0.55,0.0,33.92,2.0,1.0,0.97,0.94,283.0,-9.43,1.21,-1.38,12.17,-15.67,0.81,7.0,2.0,284.0,-2.01,0.59,0.0,46.09,-0.84,0.9,0.0,0.0,cst/hydride,3jyo249h_0007,3jyo
3jyo,3024,-1136.36,103.63,-37.22,37.08,0.7,0.67,60.0,278.0,57.0,3.62,-16.0,19.0,35.0,1.0,254.0,-0.65,0.87,0.0,7.5,2.0,1.0,0.94,0.97,283.0,-9.95,1.31,-1.38,11.04,-16.34,0.83,7.0,3.0,284.0,-1.86,0.66,0.0,18.54,-0.15,0.72,0.0,0.0,cst/hydride,3jyo255h_0009,3jyo
3jyo,3121,-1133.56,100.42,-37.2,92.02,0.65,0.67,57.0,279.0,55.0,3.62,-16.0,19.0,35.0,0.99,248.0,-1.47,0.56,0.0,33.8,2.0,1.0,0.89,0.9,283.0,-9.32,1.27,-1.37,12.21,-15.68,0.81,7.0,2.0,284.0,-1.89,0.71,0.0,46.01,-0.83,0.9,0.0,0.0,cst/hydride,3jyo249h_0008,3jyo
3jyo,3237,-1134.5,100.62,-37.24,91.94,0.65,0.64,57.0,279.0,55.0,3.62,-16.0,19.0,35.0,0.99,248.0,-1.39,0.59,0.0,33.8,2.0,1.0,0.9,0.86,283.0,-9.41,1.23,-1.37,12.16,-15.63,0.81,7.0,2.0,284.0,-2.01,0.59,0.0,45.97,-0.85,0.91,0.0,0.0,cst/hydride,3jyo249h_0009,3jyo
3kvo,1665,-1079.25,107.75,-32.92,35.41,0.72,0.7,72.0,255.0,59.0,28.1,5.0,30.0,25.0,1.0,205.0,-0.14,0.65,-0.5,0.16,2.0,0.0,0.93,0.92,274.0,-9.84,2.23,-3.12,17.54,-16.61,0.91,16.0,4.0,275.0,-2.76,0.69,-0.5,17.7,-2.43,0.94,1.0,0.0,cst/hydride,3kvo205h_0001,3kvo
3kvo,1753,-1077.14,107.85,-31.74,86.84,0.68,0.7,71.0,253.0,63.0,23.5,3.0,29.0,26.0,1.0,209.0,-0.7,0.31,-0.3,0.34,2.0,0.0,0.75,0.71,274.0,-10.62,2.12,-3.41,43.08,-16.84,0.92,16.0,4.0,275.0,-2.93,0.02,-0.3,43.42,-1.45,0.7,1.0,0.0,cst/hydride,3kvo209h_0002,3kvo
3kvo,1805,-1084.38,105.34,-32.17,35.81,0.69,0.7,73.0,253.0,62.0,26.54,3.0,29.0,26.0,1.0,205.0,-0.25,0.64,-0.55,0.14,2.0,0.0,0.96,0.94,274.0,-10.64,2.08,-3.39,17.76,-18.11,0.91,16.0,4.0,275.0,-2.89,0.63,-0.55,17.91,-2.59,0.93,1.0,0.0,cst/hydride,3kvo205h_0002,3kvo
3kvo,1872,-1077.24,105.75,-31.74,86.84,0.7,0.67,69.0,253.0,62.0,23.5,3.0,29.0,26.0,1.0,209.0,-0.68,0.16,-0.3,0.34,2.0,0.0,0.71,0.71,274.0,-11.16,1.3,-3.41,43.08,-17.92,0.91,16.0,3.0,275.0,-2.84,0.16,-0.3,43.42,-1.28,0.72,1.0,0.0,cst/hydride,3kvo209h_0003,3kvo
3kvo,1916,-1077.78,105.15,-32.06,30.09,0.71,0.68,69.0,254.0,65.0,24.12,4.0,29.0,25.0,0.99,197.0,-0.96,1.49,-0.07,0.04,1.0,2.0,0.87,0.96,274.0,-10.39,2.24,-3.31,15.01,-17.95,0.91,16.0,3.0,275.0,-1.86,0.59,-0.07,15.04,-0.89,0.87,1.0,0.0,cst/hydride,3kvo197h_0002,3kvo
3kvo,1950,-1080.92,105.41,-32.12,35.41,0.72,0.72,70.0,253.0,63.0,23.8,3.0,29.0,26.0,1.0,205.0,-0.06,0.75,-0.53,0.14,2.0,0.0,0.73,0.96,274.0,-10.37,2.05,-3.42,17.57,-17.69,0.91,16.0,4.0,275.0,-2.68,0.71,-0.53,17.7,-2.31,0.93,1.0,0.0,cst/hydride,3kvo205h_0003,3kvo
3kvo,1989,-1077.15,105.83,-31.74,86.84,0.65,0.68,69.0,253.0,62.0,23.5,3.0,29.0,26.0,1.0,209.0,-0.67,0.16,-0.3,0.34,2.0,0.0,0.53,0.69,274.0,-11.16,1.3,-3.41,43.08,-17.93,0.91,16.0,3.0,275.0,-2.84,0.16,-0.3,43.42,-1.28,0.72,1.0,0.0,cst/hydride,3kvo209h_0004,3kvo
3kvo,2094,-1080.46,105.96,-31.58,35.36,0.7,0.69,72.0,253.0,63.0,25.13,3.0,29.0,26.0,1.0,205.0,-0.22,0.59,-0.49,0.16,2.0,0.0,0.98,0.99,274.0,-9.89,2.08,-3.15,17.52,-16.64,0.91,16.0,4.0,275.0,-2.81,0.66,-0.49,17.68,-2.47,0.94,1.0,0.0,cst/hydride,3kvo205h_0004,3kvo
3kvo,2256,-1082.8,105.79,-32.1,35.58,0.69,0.69,72.0,253.0,62.0,28.14,3.0,29.0,26.0,1.0,205.0,0.0,0.71,-0.5,0.13,2.0,0.0,1.0,0.98,274.0,-10.54,2.14,-3.37,17.66,-17.94,0.91,16.0,4.0,275.0,-2.82,0.67,-0.5,17.79,-2.52,0.93,1.0,0.0,cst/hydride,3kvo205h_0005,3kvo
3kvo,2275,-1077.87,107.15,-32.07,34.4,0.69,0.69,70.0,254.0,62.0,26.51,3.0,29.0,26.0,1.0,107.0,-2.76,0.3,-0.39,0.57,1.0,1.0,0.93,0.93,274.0,-10.85,1.46,-3.41,16.63,-17.71,0.92,16.0,4.0,275.0,-2.46,0.77,-0.39,17.2,-0.94,0.85,1.0,0.0,cst/hydride,3kvo107h_0006,3kvo
3kvo,2407,-1079.1,106.3,-32.29,36.01,0.71,0.7,70.0,253.0,62.0,25.24,3.0,29.0,26.0,1.0,205.0,0.08,0.69,-0.52,0.19,2.0,0.0,0.92,0.89,274.0,-10.54,2.07,-3.45,17.82,-17.95,0.92,16.0,4.0,275.0,-2.69,0.69,-0.52,18.0,-2.25,0.91,1.0,0.0,cst/hydride,3kvo205h_0006,3kvo
3kvo,2542,-1077.45,106.93,-32.22,35.7,0.68,0.69,71.0,254.0,61.0,25.43,3.0,29.0,26.0,1.0,107.0,-2.74,0.29,-0.41,0.49,1.0,1.0,0.43,0.48,274.0,-11.01,1.34,-3.43,17.36,-17.84,0.92,16.0,4.0,275.0,-2.16,1.16,-0.41,17.85,-0.12,0.85,1.0,0.0,cst/hydride,3kvo107h_0008,3kvo
3kvo,2556,-1083.56,105.25,-32.25,35.8,0.73,0.7,72.0,254.0,63.0,26.22,3.0,29.0,26.0,1.0,205.0,-0.08,0.69,-0.53,0.13,2.0,0.0,0.97,0.97,274.0,-10.55,2.06,-3.43,17.77,-17.97,0.91,16.0,4.0,275.0,-2.81,0.66,-0.53,17.9,-2.49,0.92,1.0,0.0,cst/hydride,3kvo205h_0007,3kvo
3kvo,2610,-1077.07,106.7,-31.59,30.63,0.69,0.7,70.0,253.0,59.0,22.35,4.0,29.0,25.0,1.0,197.0,-1.06,1.47,-0.02,0.03,1.0,2.0,0.99,0.95,274.0,-10.18,2.36,-3.48,15.28,-17.76,0.91,16.0,3.0,275.0,-1.91,0.74,-0.02,15.31,-1.22,0.86,1.0,0.0,cst/hydride,3kvo197h_0005,3kvo
3kvo,2700,-1080.16,105.16,-31.87,35.76,0.71,0.7,71.0,253.0,62.0,23.28,3.0,29.0,26.0,1.0,205.0,-0.02,0.74,-0.53,0.1,2.0,0.0,0.73,0.88,274.0,-10.42,2.09,-3.27,17.78,-17.68,0.91,16.0,4.0,275.0,-2.73,0.65,-0.53,17.88,-2.31,0.92,1.0,0.0,cst/hydride,3kvo205h_0008,3kvo
3kvo,2855,-1077.93,105.74,-31.82,35.98,0.7,0.7,70.0,253.0,61.0,24.33,3.0,29.0,26.0,1.0,205.0,0.1,0.72,-0.5,0.18,2.0,0.0,0.77,0.83,274.0,-9.81,2.21,-3.22,17.81,-16.48,0.92,16.0,4.0,275.0,-2.66,0.68,-0.5,17.99,-2.18,0.92,1.0,0.0,cst/hydride,3kvo205h_0009,3kvo
3kvo,3149,-1078.98,105.17,-32.12,30.6,0.69,0.68,70.0,253.0,60.0,22.96,4.0,29.0,25.0,1.0,197.0,-1.09,1.45,-0.02,0.03,1.0,2.0,0.94,0.97,274.0,-10.33,2.26,-3.5,15.27,-18.1,0.91,16.0,3.0,275.0,-1.78,0.76,-0.02,15.3,-1.0,0.87,1.0,0.0,cst/hydride,3kvo197h_0008,3kvo
3oet,1716,-1419.57,152.98,-41.05,48.17,0.57,0.59,77.0,345.0,86.0,11.47,-10.0,40.0,50.0,1.0,249.0,1.55,1.31,0.0,6.99,2.0,1.0,0.55,0.54,371.0,-12.8,1.91,-2.4,17.1,-22.66,0.84,12.0,3.0,372.0,-1.65,0.95,0.0,24.08,-0.36,0.73,0.0,0.0,cst/hydride,3oet254h_0001,3oet
3oet,1837,-1418.92,155.05,-42.22,49.11,0.57,0.58,78.0,347.0,85.0,11.47,-10.0,40.0,50.0,1.0,249.0,1.03,1.74,0.0,7.22,2.0,1.0,0.61,0.78,371.0,-12.68,1.94,-2.35,17.33,-22.67,0.84,12.0,3.0,372.0,-1.42,1.19,0.0,24.56,-0.13,0.7,0.0,0.0,cst/hydride,3oet254h_0002,3oet
3oet,1968,-1419.96,154.87,-42.3,50.4,0.61,0.58,75.0,347.0,86.0,10.98,-10.0,40.0,50.0,1.0,249.0,1.08,1.54,0.0,7.64,2.0,1.0,0.4,0.5,371.0,-12.73,1.84,-2.35,17.56,-22.76,0.84,12.0,3.0,372.0,-1.37,1.28,0.0,25.2,-0.05,0.71,0.0,0.0,cst/hydride,3oet254h_0003,3oet
3oet,2039,-1417.41,150.01,-43.66,40.78,0.58,0.58,79.0,347.0,83.0,10.38,-10.0,40.0,50.0,1.0,253.0,-1.17,0.32,0.0,2.71,1.0,1.0,0.77,0.6,371.0,-12.69,1.4,-2.32,17.68,-21.73,0.83,12.0,3.0,372.0,-1.87,0.31,0.0,20.39,-0.08,0.45,0.0,0.0,cst/hydride,3oet258h_0003,3oet
3oet,2098,-1419.16,155.13,-42.15,49.45,0.59,0.58,75.0,347.0,85.0,10.89,-10.0,40.0,50.0,1.0,249.0,1.09,1.65,0.0,7.31,2.0,1.0,0.8,0.67,371.0,-12.72,1.91,-2.35,17.42,-22.63,0.83,12.0,3.0,372.0,-1.4,1.22,0.0,24.73,0.01,0.68,0.0,0.0,cst/hydride,3oet254h_0004,3oet
3oet,2311,-1418.71,150.72,-43.51,27.74,0.58,0.61,77.0,348.0,81.0,10.5,-10.0,40.0,50.0,1.0,63.0,-1.4,0.16,-0.59,0.0,1.0,1.0,0.75,0.84,371.0,-12.49,2.17,-2.39,13.87,-22.66,0.87,12.0,3.0,372.0,-2.22,1.16,-0.59,13.87,-2.13,0.75,1.0,0.0,cst/hydride,3oet67h_0005,3oet
3oet,2370,-1419.72,155.57,-42.23,49.99,0.59,0.59,79.0,347.0,86.0,10.89,-10.0,40.0,50.0,1.0,249.0,0.93,1.39,0.0,7.48,2.0,1.0,0.6,0.39,371.0,-12.7,1.95,-2.38,17.51,-23.0,0.84,12.0,3.0,372.0,-1.17,1.48,0.0,24.99,0.06,0.72,0.0,0.0,cst/hydride,3oet254h_0006,3oet
3oet,2399,-1419.95,152.04,-43.25,57.0,0.61,0.58,78.0,348.0,83.0,10.5,-10.0,40.0,50.0,1.0,91.0,-1.64,1.03,-0.13,13.37,3.0,0.0,0.26,0.5,371.0,-11.55,2.84,-2.5,15.13,-22.22,0.83,12.0,3.0,372.0,-0.74,1.67,0.0,28.5,-0.59,0.57,0.0,0.0,cst/hydride,3oet95h_0003,3oet
3oet,2471,-1417.87,151.27,-43.53,28.29,0.61,0.58,76.0,348.0,84.0,10.39,-10.0,40.0,50.0,1.0,63.0,-1.28,0.18,-0.55,0.0,1.0,1.0,0.48,0.81,371.0,-12.71,2.0,-2.37,14.14,-22.95,0.87,12.0,3.0,372.0,-2.16,1.1,-0.55,14.14,-1.86,0.74,1.0,0.0,cst/hydride,3oet67h_0006,3oet
3oet,2617,-1417.56,151.71,-43.64,27.89,0.61,0.59,78.0,348.0,82.0,10.5,-10.0,40.0,50.0,1.0,63.0,-1.39,0.15,-0.6,0.0,1.0,1.0,0.63,0.61,371.0,-12.71,2.08,-2.37,13.94,-22.95,0.87,12.0,3.0,372.0,-2.31,1.09,-0.6,13.94,-2.14,0.76,1.0,0.0,cst/hydride,3oet67h_0007,3oet
3oet,2744,-1417.81,149.66,-43.69,39.46,0.59,0.59,76.0,346.0,83.0,10.67,-10.0,40.0,50.0,1.0,253.0,-1.14,0.32,0.0,2.6,1.0,1.0,0.83,0.79,371.0,-12.48,1.74,-2.36,17.13,-21.82,0.82,12.0,3.0,372.0,-1.61,0.56,0.0,19.73,-0.09,0.48,0.0,0.0,cst/hydride,3oet258h_0008,3oet
3oet,2878,-1417.57,151.37,-43.58,28.66,0.58,0.58,78.0,348.0,83.0,10.46,-10.0,40.0,50.0,1.0,63.0,-1.23,0.16,-0.54,0.0,1.0,1.0,0.78,0.85,371.0,-12.88,2.06,-2.43,14.33,-23.09,0.87,12.0,3.0,372.0,-2.25,0.98,-0.54,14.33,-1.83,0.75,1.0,0.0,cst/hydride,3oet67h_0009,3oet
3oet,2881,-1424.99,148.35,-43.69,38.99,0.6,0.59,79.0,348.0,86.0,11.21,-10.0,40.0,50.0,1.0,253.0,-1.02,0.43,-0.01,2.38,2.0,1.0,0.7,0.6,371.0,-12.54,1.76,-2.35,17.11,-22.0,0.83,12.0,3.0,372.0,-1.58,0.66,-0.01,19.5,-0.09,0.51,1.0,0.0,cst/hydride,3oet258h_0009,3oet
3orf,1867,-905.37,86.47,-23.47,27.89,0.63,0.62,37.0,223.0,56.0,21.83,-1.0,23.0,24.0,1.0,134.0,0.24,0.42,0.0,2.87,2.0,0.0,0.68,0.69,231.0,-12.14,1.19,-3.29,11.07,-19.94,0.86,11.0,3.0,232.0,-2.58,0.26,0.0,13.94,-0.82,0.69,0.0,0.0,cst/hydride,3orf135h_0001,3orf
3orf,1980,-903.92,87.55,-23.37,27.7,0.65,0.63,35.0,223.0,56.0,21.96,-1.0,23.0,24.0,1.0,134.0,0.25,0.45,0.0,2.65,2.0,0.0,0.82,0.67,231.0,-12.0,1.27,-3.26,11.2,-19.66,0.86,11.0,3.0,232.0,-2.47,0.39,0.0,13.85,-0.59,0.71,0.0,0.0,cst/hydride,3orf135h_0002,3orf
3orf,2095,-906.78,86.0,-23.32,27.96,0.64,0.64,35.0,223.0,56.0,21.9,-1.0,23.0,24.0,1.0,134.0,0.16,0.39,0.0,2.92,2.0,0.0,0.6,0.67,231.0,-12.02,1.26,-3.3,11.06,-19.67,0.86,11.0,3.0,232.0,-2.64,0.23,0.0,13.98,-0.91,0.73,0.0,0.0,cst/hydride,3orf135h_0003,3orf
3orf,2223,-904.2,87.12,-23.38,28.0,0.66,0.65,37.0,223.0,56.0,21.85,-1.0,23.0,24.0,1.0,134.0,0.1,0.38,0.0,2.94,2.0,0.0,0.71,0.78,231.0,-12.16,1.21,-3.29,11.06,-19.93,0.86,11.0,3.0,232.0,-2.57,0.34,0.0,14.0,-0.75,0.72,0.0,0.0,cst/hydride,3orf135h_0004,3orf
3orf,2336,-901.95,87.56,-23.45,35.33,0.65,0.62,37.0,223.0,56.0,22.16,-1.0,23.0,24.0,1.0,134.0,-0.65,0.32,0.0,5.69,2.0,0.0,0.88,0.74,231.0,-12.14,1.1,-3.29,11.97,-19.75,0.86,11.0,3.0,232.0,-2.61,0.32,0.0,17.67,-0.69,0.74,0.0,0.0,cst/hydride,3orf135h_0005,3orf
3orf,2362,-901.31,84.44,-24.31,98.64,0.61,0.62,35.0,223.0,52.0,23.52,-1.0,23.0,24.0,1.0,145.0,0.51,0.53,0.0,34.27,2.0,0.0,0.91,0.78,231.0,-11.73,1.44,-3.11,15.05,-19.55,0.86,11.0,3.0,232.0,-3.69,0.59,-0.53,49.32,-3.47,0.82,2.0,0.0,cst/hydride,3orf146h_0004,3orf
3orf,2469,-903.58,88.06,-23.36,27.83,0.68,0.64,37.0,223.0,55.0,21.55,-1.0,23.0,24.0,1.0,134.0,0.25,0.45,0.0,2.85,2.0,0.0,0.57,0.67,231.0,-11.94,1.27,-3.18,11.07,-19.55,0.86,11.0,3.0,232.0,-2.53,0.3,0.0,13.92,-0.74,0.7,0.0,0.0,cst/hydride,3orf135h_0006,3orf
3orf,2527,-900.33,84.24,-23.12,42.61,0.65,0.63,37.0,223.0,54.0,22.25,-1.0,23.0,24.0,1.0,126.0,2.32,0.7,0.0,9.75,1.0,1.0,0.5,0.53,231.0,-11.86,1.43,-3.18,11.55,-20.01,0.87,11.0,3.0,232.0,-2.34,0.47,0.0,21.3,-0.96,0.78,0.0,0.0,cst/hydride,3orf127h_0007,3orf
3orf,2591,-906.76,86.62,-23.41,28.05,0.66,0.66,40.0,222.0,55.0,21.48,-1.0,23.0,24.0,1.0,134.0,0.16,0.39,0.0,2.99,2.0,0.0,0.74,0.58,231.0,-12.09,1.24,-3.25,11.04,-19.83,0.86,11.0,3.0,232.0,-2.59,0.28,0.0,14.03,-0.82,0.7,0.0,0.0,cst/hydride,3orf135h_0007,3orf
3orf,2669,-900.91,86.12,-24.31,99.49,0.65,0.64,37.0,222.0,52.0,23.57,-1.0,23.0,24.0,1.0,145.0,0.33,0.68,0.0,34.0,2.0,0.0,0.83,0.88,231.0,-11.76,1.49,-3.13,15.75,-19.69,0.86,11.0,3.0,232.0,-3.63,0.73,-0.57,49.74,-3.44,0.83,2.0,0.0,cst/hydride,3orf146h_0006,3orf
3orf,2697,-905.72,86.72,-23.55,28.02,0.64,0.65,37.0,223.0,56.0,21.75,-1.0,23.0,24.0,1.0,134.0,0.3,0.41,0.0,2.89,2.0,0.0,0.88,0.88,231.0,-12.11,1.2,-3.32,11.12,-19.83,0.86,11.0,3.0,232.0,-2.6,0.28,0.0,14.01,-0.82,0.7,0.0,0.0,cst/hydride,3orf135h_0008,3orf
3orf,2821,-904.93,87.54,-23.4,33.43,0.62,0.64,34.0,223.0,54.0,21.69,-1.0,23.0,24.0,1.0,134.0,-0.39,0.4,0.0,5.17,2.0,0.0,0.77,0.77,231.0,-12.09,1.19,-3.3,11.54,-19.71,0.86,11.0,3.0,232.0,-2.59,0.31,0.0,16.71,-0.71,0.72,0.0,0.0,cst/hydride,3orf135h_0009,3orf
3pzr,2292,-1431.34,136.5,-43.94,47.17,0.61,0.61,94.0,341.0,73.0,27.04,-6.0,38.0,44.0,1.0,76.0,0.28,1.37,-0.19,0.9,2.0,2.0,0.7,0.71,371.0,-5.23,0.64,-1.55,22.69,-6.08,0.49,7.0,2.0,372.0,-2.23,0.72,-0.19,23.59,-0.09,0.75,1.0,0.0,cst/hydride,3pzr76h_0002,3pzr
3pzr,3123,-1430.86,136.14,-44.43,46.72,0.63,0.61,97.0,341.0,74.0,27.21,-6.0,38.0,44.0,1.0,76.0,-0.47,1.13,-0.21,0.89,2.0,2.0,0.8,0.65,371.0,-5.24,0.65,-1.7,22.47,-6.12,0.51,7.0,2.0,372.0,-2.39,0.64,-0.21,23.36,-0.41,0.74,1.0,0.0,cst/hydride,3pzr76h_0007,3pzr
3pzr,3219,-1431.84,136.02,-43.84,48.28,0.62,0.61,95.0,341.0,74.0,28.33,-6.0,38.0,44.0,1.0,76.0,-0.03,1.32,-0.19,0.82,2.0,2.0,0.23,0.37,371.0,-5.06,0.67,-1.42,23.32,-5.74,0.51,7.0,2.0,372.0,-2.4,0.62,-0.19,24.14,-0.43,0.75,1.0,0.0,cst/hydride,3pzr76h_0008,3pzr
3rj5,2140,-987.69,108.04,-33.45,95.03,0.65,0.64,61.0,254.0,62.0,27.59,2.0,26.0,24.0,0.99,16.0,1.42,0.94,-0.45,33.34,4.0,0.0,0.77,0.79,255.0,-10.46,2.84,-2.8,14.18,-19.32,0.92,14.0,4.0,256.0,-0.81,1.74,0.0,47.52,-0.02,0.84,0.0,0.0,cst/hydride,3rj516h_0001,3rj5
3rj5,2332,-1000.89,100.0,-35.43,36.92,0.62,0.64,59.0,254.0,57.0,28.19,1.0,25.0,24.0,0.99,189.0,-2.09,0.7,-1.17,0.93,3.0,0.0,0.64,0.74,255.0,-12.88,1.32,-2.9,17.53,-22.71,0.92,14.0,3.0,256.0,-2.91,0.62,-0.51,18.46,-2.78,0.96,1.0,0.0,cst/hydride,3rj5189h_0001,3rj5
3rj5,2515,-1002.38,100.93,-34.49,37.77,0.67,0.64,61.0,254.0,57.0,28.16,1.0,25.0,24.0,0.99,189.0,-1.82,0.86,-0.84,1.26,3.0,0.0,0.87,0.79,255.0,-12.62,1.35,-2.83,17.63,-22.23,0.92,14.0,4.0,256.0,-2.63,0.75,-0.47,18.88,-2.25,0.96,1.0,0.0,cst/hydride,3rj5189h_0002,3rj5
3rj5,2701,-1001.6,101.15,-33.32,38.87,0.65,0.63,59.0,255.0,58.0,29.74,1.0,25.0,24.0,0.99,189.0,-0.34,1.3,-0.32,1.88,2.0,1.0,0.28,0.36,255.0,-13.05,1.47,-2.86,17.55,-22.74,0.92,14.0,4.0,256.0,-2.61,0.55,-0.32,19.43,-1.86,0.95,1.0,0.0,cst/hydride,3rj5189h_0003,3rj5
3rj5,2747,-1000.07,102.85,-32.68,87.02,0.65,0.66,61.0,254.0,62.0,26.08,1.0,25.0,24.0,1.0,190.0,1.51,0.89,-0.39,23.52,3.0,0.0,0.78,0.86,255.0,-12.46,1.35,-2.89,19.99,-21.86,0.91,14.0,4.0,256.0,-1.77,1.01,0.0,43.51,-0.48,0.9,0.0,0.0,cst/hydride,3rj5190h_0006,3rj5
3rj5,2757,-988.87,102.18,-32.23,92.88,0.66,0.64,58.0,253.0,63.0,25.48,1.0,25.0,24.0,1.0,181.0,3.16,1.36,0.0,32.43,1.0,2.0,0.82,0.83,255.0,-11.01,2.13,-2.84,14.01,-20.0,0.91,14.0,4.0,256.0,-1.27,1.53,0.0,46.44,-0.53,0.92,0.0,0.0,cst/hydride,3rj5181h_0003,3rj5
3rj5,2880,-1001.71,100.37,-34.36,37.99,0.68,0.63,60.0,255.0,57.0,27.51,1.0,25.0,24.0,0.99,189.0,-1.78,0.83,-0.9,1.22,3.0,0.0,0.88,0.92,255.0,-12.89,1.36,-2.86,17.78,-22.77,0.92,14.0,4.0,256.0,-2.87,0.69,-0.46,19.0,-2.75,0.95,1.0,0.0,cst/hydride,3rj5189h_0004,3rj5
3rj5,2943,-988.62,106.36,-31.33,86.71,0.62,0.65,59.0,250.0,60.0,28.57,1.0,25.0,24.0,0.99,16.0,1.76,1.45,0.0,29.75,2.0,0.0,0.71,0.82,255.0,-9.39,3.04,-2.36,13.61,-18.31,0.92,12.0,4.0,256.0,-0.47,2.03,0.0,43.35,-0.47,0.93,0.0,0.0,cst/hydride,3rj516h_0007,3rj5
3rj5,3136,-1001.71,100.1,-34.88,37.19,0.63,0.65,58.0,255.0,57.0,27.48,1.0,25.0,24.0,0.99,189.0,-1.78,0.73,-0.92,1.01,3.0,0.0,0.81,0.82,255.0,-12.88,1.32,-2.87,17.58,-22.69,0.93,14.0,4.0,256.0,-2.87,0.62,-0.49,18.6,-2.66,0.96,1.0,0.0,cst/hydride,3rj5189h_0006,3rj5
3rj5,3201,-987.82,103.78,-33.32,65.35,0.66,0.62,59.0,254.0,63.0,25.82,1.0,25.0,24.0,0.99,217.0,1.3,0.82,0.0,19.25,2.0,1.0,0.92,0.9,255.0,-10.32,2.48,-2.77,13.43,-20.0,0.91,14.0,4.0,256.0,-0.9,2.3,-0.51,32.67,-1.17,0.84,1.0,0.0,cst/hydride,3rj5217h_0005,3rj5
3rj5,3229,-1001.54,100.45,-34.78,37.0,0.63,0.64,58.0,255.0,57.0,29.07,1.0,25.0,24.0,0.99,189.0,-1.79,0.85,-0.88,1.0,3.0,0.0,0.78,0.84,255.0,-12.81,1.33,-2.89,17.5,-22.54,0.92,14.0,4.0,256.0,-2.84,0.62,-0.48,18.5,-2.59,0.95,1.0,0.0,cst/hydride,3rj5189h_0007,3rj5
3rj5,3298,-1002.54,100.78,-34.43,37.85,0.66,0.64,59.0,255.0,56.0,26.43,1.0,25.0,24.0,0.99,189.0,-1.76,0.86,-0.83,1.32,3.0,0.0,0.9,0.75,255.0,-12.68,1.34,-2.85,17.61,-22.34,0.93,14.0,4.0,256.0,-2.61,0.75,-0.45,18.92,-2.21,0.96,1.0,0.0,cst/hydride,3rj5189h_0008,3rj5
3rj5,3301,-987.41,105.03,-33.53,64.99,0.63,0.64,62.0,255.0,62.0,26.35,1.0,25.0,24.0,0.99,217.0,1.23,0.78,0.0,19.07,2.0,1.0,0.91,0.78,255.0,-10.4,2.45,-2.75,13.42,-20.18,0.91,14.0,4.0,256.0,-0.9,2.3,-0.51,32.5,-1.16,0.85,1.0,0.0,cst/hydride,3rj5217h_0006,3rj5
3rj5,3351,-1000.2,100.66,-34.61,32.49,0.67,0.64,61.0,253.0,58.0,27.39,1.0,25.0,24.0,0.99,189.0,-1.11,1.14,-0.86,0.21,3.0,0.0,0.74,0.83,255.0,-12.64,1.36,-2.87,16.03,-22.61,0.93,14.0,4.0,256.0,-2.29,0.86,-0.45,16.25,-1.92,0.91,1.0,0.0,cst/hydride,3rj5189h_0009,3rj5
3zhb,2364,-1077.12,110.53,-21.44,93.63,0.56,0.58,49.0,256.0,44.0,23.01,-15.0,14.0,29.0,1.0,123.0,0.27,0.33,0.0,5.54,0.0,1.0,0.79,0.67,289.0,-7.84,0.36,-1.6,41.27,-11.27,0.69,9.0,2.0,290.0,-2.45,0.01,0.0,46.82,-0.5,0.52,0.0,0.0,cst/hydride,3zhb141h_0001,3zhb
3zhb,2424,-1077.12,110.53,-21.44,93.63,0.61,0.6,49.0,256.0,44.0,23.01,-15.0,14.0,29.0,1.0,123.0,0.27,0.33,0.0,5.54,0.0,1.0,0.62,0.68,289.0,-7.84,0.36,-1.6,41.27,-11.27,0.69,9.0,2.0,290.0,-2.45,0.01,0.0,46.82,-0.5,0.52,0.0,0.0,cst/hydride,3zhb141h_0002,3zhb
3zhb,2447,-1075.82,112.44,-22.43,41.47,0.58,0.58,49.0,258.0,44.0,23.01,-15.0,14.0,29.0,1.0,121.0,-0.49,0.6,-0.12,5.74,2.0,0.0,0.55,0.88,289.0,-7.48,0.91,-1.77,15.0,-11.98,0.71,10.0,2.0,290.0,-1.78,0.55,0.0,20.74,-0.57,0.7,0.0,0.0,cst/hydride,3zhb139h_0002,3zhb
3zhb,2476,-1075.97,110.53,-21.77,93.63,0.56,0.58,50.0,255.0,44.0,23.01,-15.0,14.0,29.0,1.0,123.0,0.27,0.33,0.0,5.54,0.0,1.0,0.59,0.57,289.0,-7.39,0.36,-1.77,41.27,-10.37,0.69,8.0,2.0,290.0,-2.45,0.01,0.0,46.82,-0.5,0.52,0.0,0.0,cst/hydride,3zhb141h_0003,3zhb
3zhb,2585,-1077.12,110.53,-21.44,93.63,0.59,0.57,49.0,256.0,44.0,23.01,-15.0,14.0,29.0,1.0,123.0,0.27,0.33,0.0,5.54,0.0,1.0,0.63,0.53,289.0,-7.84,0.36,-1.6,41.27,-11.27,0.69,9.0,2.0,290.0,-2.45,0.01,0.0,46.82,-0.5,0.52,0.0,0.0,cst/hydride,3zhb141h_0005,3zhb
3zhb,2687,-1077.25,110.88,-22.08,93.63,0.59,0.58,48.0,257.0,44.0,23.01,-15.0,14.0,29.0,1.0,123.0,0.27,0.33,0.0,5.54,0.0,1.0,0.64,0.56,289.0,-7.84,0.36,-1.6,41.27,-11.27,0.69,9.0,2.0,290.0,-2.45,0.01,0.0,46.82,-0.5,0.52,0.0,0.0,cst/hydride,3zhb141h_0007,3zhb
3zhb,2731,-1077.25,110.88,-22.08,93.63,0.55,0.58,48.0,257.0,44.0,23.01,-15.0,14.0,29.0,1.0,123.0,0.27,0.33,0.0,5.54,0.0,1.0,0.68,0.61,289.0,-7.84,0.36,-1.6,41.27,-11.27,0.69,9.0,2.0,290.0,-2.45,0.01,0.0,46.82,-0.5,0.52,0.0,0.0,cst/hydride,3zhb141h_0008,3zhb
3zhb,2794,-1077.12,110.53,-21.44,93.63,0.59,0.58,49.0,256.0,44.0,23.01,-15.0,14.0,29.0,1.0,123.0,0.27,0.33,0.0,5.54,0.0,1.0,0.86,0.69,289.0,-7.84,0.36,-1.6,41.27,-11.27,0.69,9.0,2.0,290.0,-2.45,0.01,0.0,46.82,-0.5,0.52,0.0,0.0,cst/hydride,3zhb141h_0009,3zhb
4bms,2578,-986.29,95.89,-38.16,28.69,0.62,0.63,55.0,260.0,48.0,9.88,-2.0,29.0,31.0,1.0,139.0,-0.82,1.09,-0.21,3.27,4.0,1.0,0.95,0.96,248.0,-12.58,1.74,-4.5,11.08,-21.87,0.86,16.0,3.0,249.0,-2.34,0.66,-0.21,14.34,-1.37,0.86,1.0,0.0,cst/hydride,4bms139h_0001,4bms
4bms,2716,-985.73,93.31,-36.74,22.12,0.61,0.6,52.0,258.0,47.0,10.38,-2.0,29.0,31.0,0.99,144.0,-0.9,0.07,-0.33,0.0,2.0,1.0,0.86,0.74,248.0,-13.13,1.07,-4.51,11.06,-21.88,0.86,16.0,3.0,249.0,-2.79,0.12,-0.33,11.06,-1.2,0.76,1.0,0.0,cst/hydride,4bms144h_0002,4bms
4bms,2726,-985.51,96.47,-35.62,44.96,0.64,0.61,54.0,258.0,48.0,10.21,-2.0,29.0,31.0,1.0,188.0,-1.13,0.58,0.0,9.2,2.0,1.0,0.36,0.29,248.0,-12.07,1.96,-4.08,13.28,-21.34,0.86,15.0,4.0,249.0,-1.64,1.03,0.0,22.48,-0.46,0.85,0.0,0.0,cst/hydride,4bms188h_0001,4bms
4bms,2729,-988.07,95.21,-37.4,34.18,0.64,0.61,57.0,260.0,48.0,13.01,-2.0,29.0,31.0,1.0,187.0,-1.32,0.68,0.0,6.04,2.0,0.0,0.75,0.73,248.0,-12.16,1.32,-4.04,11.05,-20.45,0.88,15.0,5.0,249.0,-2.27,0.39,0.0,17.09,-0.68,0.8,0.0,0.0,cst/hydride,4bms187h_0001,4bms
4bms,2743,-986.0,96.01,-38.25,29.45,0.59,0.62,54.0,260.0,49.0,9.88,-2.0,29.0,31.0,1.0,139.0,-0.99,1.12,-0.23,3.67,4.0,1.0,0.91,0.82,248.0,-12.64,1.73,-4.54,11.05,-22.0,0.86,16.0,3.0,249.0,-2.34,0.67,-0.23,14.73,-1.38,0.88,1.0,0.0,cst/hydride,4bms139h_0002,4bms
4bms,2906,-989.33,95.63,-38.49,34.15,0.61,0.62,58.0,261.0,48.0,11.77,-2.0,29.0,31.0,1.0,187.0,-1.51,0.71,0.0,6.04,2.0,0.0,0.92,0.84,248.0,-12.48,1.36,-4.5,11.03,-21.15,0.89,16.0,5.0,249.0,-2.26,0.41,0.0,17.08,-0.71,0.8,0.0,0.0,cst/hydride,4bms187h_0002,4bms
4bms,2915,-986.87,95.91,-36.31,27.97,0.6,0.6,55.0,259.0,48.0,9.81,-2.0,29.0,31.0,1.0,139.0,-1.28,1.09,-0.17,2.94,4.0,1.0,0.95,0.9,248.0,-12.35,1.59,-4.11,11.04,-21.21,0.86,15.0,3.0,249.0,-2.38,0.56,-0.17,13.99,-1.27,0.86,1.0,0.0,cst/hydride,4bms139h_0003,4bms
4bms,3050,-987.65,95.15,-38.17,34.69,0.61,0.61,57.0,261.0,48.0,13.01,-2.0,29.0,31.0,1.0,187.0,-1.0,0.66,0.0,6.34,2.0,0.0,0.65,0.74,248.0,-12.34,1.43,-4.43,11.01,-20.96,0.88,16.0,5.0,249.0,-2.2,0.45,0.0,17.35,-0.68,0.79,0.0,0.0,cst/hydride,4bms187h_0003,4bms
4bms,3155,-989.17,94.92,-38.95,34.3,0.61,0.62,54.0,262.0,47.0,11.69,-2.0,29.0,31.0,1.0,187.0,-1.53,0.64,0.0,6.11,2.0,0.0,0.81,0.68,248.0,-12.54,1.38,-4.5,11.04,-21.28,0.88,16.0,5.0,249.0,-2.28,0.41,0.0,17.15,-0.74,0.79,0.0,0.0,cst/hydride,4bms187h_0004,4bms
4bms,3250,-988.08,96.07,-38.27,34.49,0.64,0.63,53.0,261.0,48.0,12.17,-2.0,29.0,31.0,1.0,187.0,-1.18,0.72,0.0,6.17,2.0,0.0,0.95,0.85,248.0,-12.4,1.45,-4.52,11.07,-21.05,0.88,16.0,4.0,249.0,-2.21,0.43,0.0,17.25,-0.66,0.82,0.0,0.0,cst/hydride,4bms187h_0005,4bms
4bms,3254,-985.88,96.66,-35.92,28.2,0.62,0.63,54.0,260.0,48.0,13.83,-2.0,29.0,31.0,1.0,139.0,-1.06,1.13,-0.15,3.03,4.0,1.0,0.83,0.86,248.0,-12.31,1.61,-4.09,11.07,-21.09,0.86,15.0,3.0,249.0,-2.36,0.54,-0.15,14.1,-1.19,0.87,1.0,0.0,cst/hydride,4bms139h_0006,4bms
4bms,3310,-987.0,95.53,-37.22,34.35,0.63,0.61,55.0,260.0,47.0,13.64,-2.0,29.0,31.0,1.0,187.0,-1.21,0.67,0.0,6.12,2.0,0.0,0.65,0.74,248.0,-12.65,1.41,-4.5,11.05,-21.58,0.88,16.0,5.0,249.0,-2.15,0.43,0.0,17.17,-0.57,0.81,0.0,0.0,cst/hydride,4bms187h_0006,4bms
4bms,3318,-986.79,96.38,-36.9,28.0,0.65,0.64,53.0,260.0,48.0,10.95,-2.0,29.0,31.0,1.0,139.0,-0.97,1.08,-0.12,2.94,4.0,1.0,0.92,0.94,248.0,-12.82,1.51,-4.52,11.06,-22.01,0.86,16.0,3.0,249.0,-2.39,0.51,-0.12,14.0,-1.15,0.87,1.0,0.0,cst/hydride,4bms139h_0007,4bms
4bms,3397,-986.36,96.02,-38.01,29.26,0.63,0.64,52.0,261.0,49.0,9.9,-2.0,29.0,31.0,1.0,139.0,-1.32,1.07,-0.18,3.56,4.0,1.0,0.81,0.8,248.0,-12.67,1.62,-4.51,11.07,-21.95,0.86,16.0,3.0,249.0,-2.3,0.62,-0.18,14.63,-1.21,0.88,1.0,0.0,cst/hydride,4bms139h_0009,4bms
4bms,3400,-989.36,94.84,-38.46,34.73,0.61,0.62,54.0,262.0,48.0,14.73,-2.0,29.0,31.0,1.0,187.0,-1.53,0.66,0.0,6.31,2.0,0.0,0.78,0.76,248.0,-12.45,1.36,-4.51,11.05,-21.21,0.88,16.0,4.0,249.0,-2.21,0.47,0.0,17.37,-0.73,0.82,0.0,0.0,cst/hydride,4bms187h_0008,4bms
4bms,3425,-988.58,95.26,-37.73,34.54,0.63,0.63,56.0,260.0,47.0,11.8,-2.0,29.0,31.0,1.0,187.0,-1.38,0.68,0.0,6.21,2.0,0.0,0.9,0.82,248.0,-12.19,1.39,-4.05,11.06,-20.53,0.89,15.0,5.0,249.0,-2.25,0.39,0.0,17.27,-0.64,0.82,0.0,0.0,cst/hydride,4bms187h_0009,4bms
4bmv,2844,-1000.21,93.68,-33.28,41.21,0.64,0.64,51.0,266.0,51.0,42.85,-5.0,24.0,29.0,1.0,182.0,1.36,0.9,0.0,7.27,2.0,1.0,0.48,0.56,257.0,-11.5,1.07,-4.81,13.33,-18.79,0.94,15.0,6.0,258.0,-2.44,0.6,0.0,20.6,-0.66,0.86,0.0,0.0,cst/hydride,4bmv184h_0001,4bmv
4bmv,2919,-1000.16,95.02,-33.32,28.68,0.67,0.67,52.0,266.0,50.0,40.66,-5.0,24.0,29.0,1.0,140.0,-0.44,1.68,-0.15,3.28,3.0,0.0,0.96,0.88,257.0,-10.53,1.97,-4.79,11.06,-18.63,0.94,15.0,6.0,258.0,-1.81,1.1,-0.15,14.34,-1.18,0.93,1.0,0.0,cst/hydride,4bmv142h_0002,4bmv
4bmv,3001,-1000.13,94.1,-33.74,41.56,0.67,0.65,50.0,266.0,51.0,42.81,-5.0,24.0,29.0,1.0,182.0,1.31,0.92,0.0,7.29,2.0,1.0,0.63,0.51,257.0,-11.79,1.09,-5.14,13.49,-19.36,0.94,15.0,5.0,258.0,-2.5,0.54,0.0,20.78,-0.78,0.88,0.0,0.0,cst/hydride,4bmv184h_0002,4bmv
4bmv,3039,-1000.4,95.05,-33.38,28.89,0.66,0.64,53.0,266.0,50.0,42.31,-5.0,24.0,29.0,1.0,140.0,-0.39,1.59,-0.13,3.4,3.0,1.0,0.48,0.53,257.0,-10.55,1.97,-4.73,11.04,-18.59,0.94,15.0,6.0,258.0,-1.79,1.08,-0.13,14.45,-1.08,0.94,1.0,0.0,cst/hydride,4bmv142h_0003,4bmv
4bmv,3063,-1001.27,92.6,-33.28,22.17,0.68,0.66,55.0,263.0,53.0,42.84,-6.0,23.0,29.0,0.99,148.0,-2.59,0.56,-0.31,0.02,2.0,1.0,0.92,0.86,257.0,-10.8,1.13,-4.06,11.06,-17.67,0.94,13.0,6.0,258.0,-3.06,0.16,-0.31,11.09,-2.18,0.9,1.0,0.0,cst/hydride,4bmv150h_0003,4bmv
4bmv,3128,-1001.8,91.72,-33.75,26.99,0.69,0.64,52.0,265.0,51.0,42.48,-5.0,24.0,29.0,1.0,140.0,-0.76,0.89,-0.07,2.4,3.0,0.0,0.82,0.89,257.0,-11.17,1.59,-5.05,11.1,-18.93,0.94,15.0,5.0,258.0,-2.38,0.54,-0.07,13.49,-1.36,0.95,1.0,0.0,cst/hydride,4bmv142h_0004,4bmv
4bmv,3130,-1000.85,93.65,-33.79,31.99,0.62,0.64,53.0,263.0,50.0,42.25,-5.0,24.0,29.0,1.0,90.0,-0.81,0.95,0.0,4.43,0.0,1.0,0.9,0.77,257.0,-11.65,1.35,-5.16,11.56,-19.23,0.94,15.0,5.0,258.0,-2.73,0.33,0.0,15.99,-1.41,0.88,0.0,0.0,cst/hydride,4bmv92h_0003,4bmv
4bmv,3207,-1000.79,92.33,-33.8,26.9,0.65,0.64,51.0,265.0,51.0,43.03,-5.0,24.0,29.0,1.0,140.0,-0.87,1.0,-0.11,2.41,3.0,0.0,0.93,0.84,257.0,-11.21,1.49,-5.01,11.04,-18.96,0.94,15.0,5.0,258.0,-2.23,0.64,-0.11,13.45,-1.0,0.93,1.0,0.0,cst/hydride,4bmv142h_0005,4bmv
4bmv,3216,-1000.33,93.84,-33.68,32.98,0.65,0.64,51.0,264.0,50.0,42.18,-5.0,24.0,29.0,1.0,90.0,-0.73,0.91,0.0,5.12,0.0,0.0,0.6,0.67,257.0,-11.4,1.33,-5.09,11.37,-18.81,0.94,15.0,5.0,258.0,-2.62,0.41,0.0,16.49,-1.24,0.88,0.0,0.0,cst/hydride,4bmv92h_0004,4bmv
4bmv,3243,-1003.22,93.16,-34.65,22.18,0.68,0.64,52.0,265.0,53.0,42.84,-5.0,24.0,29.0,1.0,148.0,-2.61,0.75,-0.36,0.0,2.0,0.0,0.56,0.59,257.0,-11.34,1.21,-4.77,11.09,-18.74,0.94,14.0,6.0,258.0,-3.1,0.19,-0.36,11.09,-2.26,0.9,1.0,0.0,cst/hydride,4bmv150h_0005,4bmv
4bmv,3321,-1000.45,93.7,-33.9,26.84,0.63,0.62,51.0,265.0,50.0,42.87,-5.0,24.0,29.0,1.0,140.0,-0.81,0.93,-0.09,2.37,3.0,0.0,0.89,0.74,257.0,-11.24,1.56,-5.09,11.05,-19.19,0.95,15.0,5.0,258.0,-2.03,0.81,-0.09,13.42,-0.75,0.93,1.0,0.0,cst/hydride,4bmv142h_0007,4bmv
4bmv,3376,-1000.66,93.86,-33.84,32.6,0.64,0.63,52.0,263.0,51.0,42.25,-5.0,24.0,29.0,1.0,90.0,-0.7,0.94,0.0,4.8,0.0,0.0,0.79,0.59,257.0,-11.61,1.35,-5.16,11.5,-19.2,0.94,15.0,5.0,258.0,-2.64,0.41,0.0,16.3,-1.26,0.87,0.0,0.0,cst/hydride,4bmv92h_0007,4bmv
4bmv,3394,-1000.12,95.65,-33.48,28.34,0.67,0.64,50.0,266.0,49.0,41.11,-5.0,24.0,29.0,1.0,140.0,-0.54,1.67,-0.1,3.03,3.0,0.0,0.93,0.93,257.0,-10.8,1.94,-4.87,11.14,-19.06,0.94,15.0,6.0,258.0,-1.68,1.14,-0.1,14.17,-0.81,0.95,1.0,0.0,cst/hydride,4bmv142h_0009,4bmv
4bmv,3411,-1000.77,92.36,-32.19,47.73,0.64,0.63,52.0,263.0,51.0,42.09,-5.0,24.0,29.0,1.0,151.0,-0.8,0.91,0.0,10.78,3.0,1.0,0.88,0.69,257.0,-10.96,1.1,-4.34,13.09,-17.54,0.94,14.0,5.0,258.0,-3.03,0.15,0.0,23.87,-1.68,0.89,0.0,0.0,cst/hydride,4bmv153h_0008,4bmv
4bmv,3424,-1000.34,93.7,-34.42,32.91,0.66,0.64,52.0,265.0,49.0,42.25,-5.0,24.0,29.0,1.0,90.0,-0.75,0.94,0.0,4.92,0.0,0.0,0.91,0.92,257.0,-11.77,1.36,-5.43,11.53,-19.5,0.94,16.0,5.0,258.0,-2.72,0.34,0.0,16.45,-1.4,0.87,0.0,0.0,cst/hydride,4bmv92h_0009,4bmv
